Timestamp;Value;Type
3:58:47 PM.106;Di-\r\n;received
3:58:47 PM.106;0 cm\r\n;received
3:58:47 PM.106;LED1 (Green 1): OFF\r\n;received
3:58:47 PM.106;LED2 (Green 2): OFF\r\n;received
3:58:47 PM.106;LED3 (Yellow): OFF\r\n;received
3:58:47 PM.106;LED4 (Red 1): OFF\r\n;received
3:58:47 PM.106;LED5 (Red 2): ON\r\n;received
3:58:47 PM.106;--------------------\r\n;received
3:58:48 PM.833;Distance: 0 cm\r\n;received
3:58:48 PM.850;LED1 (Green 1): OFF\r\n;received
3:58:48 PM.865;LED2 (Green 2): OFF\r\n;received
3:58:48 PM.896;LED3 (Yellow): OFF\r\n;received
3:58:48 PM.913;LED4 (Red 1): OFF\r\n;received
3:58:48 PM.929;LED5 (Red 2): ON\r\n;received
3:58:48 PM.961;--------------------\r\n;received
3:58:49 PM.952;Distance: 6 cm\r\n;received
3:58:49 PM.985;LED1 (Green 1): OFF\r\n;received
3:58:50 PM.1;LED2 (Green 2): OFF\r\n;received
3:58:50 PM.35;LED3 (Yellow): OFF\r\n;received
3:58:50 PM.48;LED4 (Red 1): OFF\r\n;received
3:58:50 PM.65;LED5 (Red 2): ON\r\n;received
3:58:50 PM.81;--------------------\r\n;received
3:58:51 PM.88;Distance: 0 cm\r\n;received
3:58:51 PM.121;LED1 (Green 1): OFF\r\n;received
3:58:51 PM.137;LED2 (Green 2): OFF\r\n;received
3:58:51 PM.153;LED3 (Yellow): OFF\r\n;received
3:58:51 PM.185;LED4 (Red 1): OFF\r\n;received
3:58:51 PM.201;LED5 (Red 2): ON\r\n;received
3:58:51 PM.217;--------------------\r\n;received
3:58:52 PM.227;Distance: 0 cm\r\n;received
3:58:52 PM.257;LED1 (Green 1): OFF\r\n;received
3:58:52 PM.272;LED2 (Green 2): OFF\r\n;received
3:58:52 PM.291;LED3 (Yellow): OFF\r\n;received
3:58:52 PM.321;LED4 (Red 1): OFF\r\n;received
3:58:52 PM.337;LED5 (Red 2): ON\r\n;received
3:58:52 PM.357;--------------------\r\n;received
3:58:53 PM.361;Distance: 15 cm\r\n;received
3:58:53 PM.377;LED1 (Green 1): OFF\r\n;received
3:58:53 PM.408;LED2 (Green 2): OFF\r\n;received
3:58:53 PM.424;LED3 (Yellow): OFF\r\n;received
3:58:53 PM.441;LED4 (Red 1): ON\r\n;received
3:58:53 PM.457;LED5 (Red 2): OFF\r\n;received
3:58:53 PM.489;--------------------\r\n;received
3:58:54 PM.498;Distance: 0 cm\r\n;received
3:58:54 PM.512;LED1 (Green 1): OFF\r\n;received
3:58:54 PM.545;LED2 (Green 2): OFF\r\n;received
3:58:54 PM.561;LED3 (Yellow): OFF\r\n;received
3:58:54 PM.577;LED4 (Red 1): OFF\r\n;received
3:58:54 PM.609;LED5 (Red 2): ON\r\n;received
3:58:54 PM.625;--------------------\r\n;received
3:58:55 PM.633;Distance: 0 cm\r\n;received
3:58:55 PM.665;LED1 (Green 1): OFF\r\n;received
3:58:55 PM.681;LED2 (Green 2): OFF\r\n;received
3:58:55 PM.696;LED3 (Yellow): OFF\r\n;received
3:58:55 PM.712;LED4 (Red 1): OFF\r\n;received
3:58:55 PM.745;LED5 (Red 2): ON\r\n;received
3:58:55 PM.761;--------------------\r\n;received
3:58:56 PM.769;Distance: 0 cm\r\n;received
3:58:56 PM.801;LED1 (Green 1): OFF\r\n;received
3:58:56 PM.817;LED2 (Green 2): OFF\r\n;received
3:58:56 PM.833;LED3 (Yellow): OFF\r\n;received
3:58:56 PM.865;LED4 (Red 1): OFF\r\n;received
3:58:56 PM.880;LED5 (Red 2): ON\r\n;received
3:58:56 PM.896;--------------------\r\n;received
3:58:57 PM.905;Distance: 13 cm\r\n;received
3:58:57 PM.921;LED1 (Green 1): OFF\r\n;received
3:58:57 PM.936;LED2 (Green 2): OFF\r\n;received
3:58:57 PM.969;LED3 (Yellow): OFF\r\n;received
3:58:57 PM.985;LED4 (Red 1): ON\r\n;received
3:58:58 PM.1;LED5 (Red 2): OFF\r\n;received
3:58:58 PM.33;--------------------\r\n;received
3:58:59 PM.26;Distance: 15 cm\r\n;received
3:58:59 PM.57;LED1 (Green 1): OFF\r\n;received
3:58:59 PM.73;LED2 (Green 2): OFF\r\n;received
3:58:59 PM.89;LED3 (Yellow): OFF\r\n;received
3:58:59 PM.121;LED4 (Red 1): ON\r\n;received
3:58:59 PM.136;LED5 (Red 2): OFF\r\n;received
3:58:59 PM.153;--------------------\r\n;received
3:59:00 PM.161;Distance: 12 cm\r\n;received
3:59:00 PM.176;LED1 (Green 1): OFF\r\n;received
3:59:00 PM.193;LED2 (Green 2): OFF\r\n;received
3:59:00 PM.225;LED3 (Yellow): OFF\r\n;received
3:59:00 PM.241;LED4 (Red 1): ON\r\n;received
3:59:00 PM.257;LED5 (Red 2): OFF\r\n;received
3:59:00 PM.289;--------------------\r\n;received
3:59:01 PM.281;Distance: 19 cm\r\n;received
3:59:01 PM.313;LED1 (Green 1): OFF\r\n;received
3:59:01 PM.329;LED2 (Green 2): OFF\r\n;received
3:59:01 PM.347;LED3 (Yellow): OFF\r\n;received
3:59:01 PM.381;LED4 (Red 1): ON\r\n;received
3:59:01 PM.392;LED5 (Red 2): OFF\r\n;received
3:59:01 PM.409;--------------------\r\n;received
3:59:02 PM.417;Distance: 14 cm\r\n;received
3:59:02 PM.433;LED1 (Green 1): OFF\r\n;received
3:59:02 PM.465;LED2 (Green 2): OFF\r\n;received
3:59:02 PM.481;LED3 (Yellow): OFF\r\n;received
3:59:02 PM.497;LED4 (Red 1): ON\r\n;received
3:59:02 PM.513;LED5 (Red 2): OFF\r\n;received
3:59:02 PM.544;--------------------\r\n;received
3:59:03 PM.537;Distance: 19 cm\r\n;received
3:59:03 PM.569;LED1 (Green 1): OFF\r\n;received
3:59:03 PM.584;LED2 (Green 2): OFF\r\n;received
3:59:03 PM.600;LED3 (Yellow): OFF\r\n;received
3:59:03 PM.633;LED4 (Red 1): ON\r\n;received
3:59:03 PM.649;LED5 (Red 2): OFF\r\n;received
3:59:03 PM.665;--------------------\r\n;received
3:59:04 PM.689;Distance: 0 cm\r\n;received
3:59:04 PM.705;LED1 (Green 1): OFF\r\n;received
3:59:04 PM.721;LED2 (Green 2): OFF\r\n;received
3:59:04 PM.753;LED3 (Yellow): OFF\r\n;received
3:59:04 PM.769;LED4 (Red 1): OFF\r\n;received
3:59:04 PM.784;LED5 (Red 2): ON\r\n;received
3:59:04 PM.800;--------------------\r\n;received
3:59:05 PM.825;Distance: 0 cm\r\n;received
3:59:05 PM.841;LED1 (Green 1): OFF\r\n;received
3:59:05 PM.873;LED2 (Green 2): OFF\r\n;received
3:59:05 PM.889;LED3 (Yellow): OFF\r\n;received
3:59:05 PM.905;LED4 (Red 1): OFF\r\n;received
3:59:05 PM.921;LED5 (Red 2): ON\r\n;received
3:59:05 PM.952;--------------------\r\n;received
3:59:06 PM.961;Distance: 0 cm\r\n;received
3:59:06 PM.977;LED1 (Green 1): OFF\r\n;received
3:59:07 PM.8;LED2 (Green 2): OFF\r\n;received
3:59:07 PM.24;LED3 (Yellow): OFF\r\n;received
3:59:07 PM.41;LED4 (Red 1): OFF\r\n;received
3:59:07 PM.56;LED5 (Red 2): ON\r\n;received
3:59:07 PM.89;--------------------\r\n;received
3:59:08 PM.97;Distance: 22 cm\r\n;received
3:59:08 PM.113;LED1 (Green 1): OFF\r\n;received
3:59:08 PM.128;LED2 (Green 2): OFF\r\n;received
3:59:08 PM.145;LED3 (Yellow): ON\r\n;received
3:59:08 PM.177;LED4 (Red 1): OFF\r\n;received
3:59:08 PM.193;LED5 (Red 2): OFF\r\n;received
3:59:08 PM.209;--------------------\r\n;received
3:59:09 PM.218;Distance: 20 cm\r\n;received
3:59:09 PM.232;LED1 (Green 1): OFF\r\n;received
3:59:09 PM.265;LED2 (Green 2): OFF\r\n;received
3:59:09 PM.280;LED3 (Yellow): OFF\r\n;received
3:59:09 PM.297;LED4 (Red 1): ON\r\n;received
3:59:09 PM.313;LED5 (Red 2): OFF\r\n;received
3:59:09 PM.345;--------------------\r\n;received
3:59:10 PM.354;Distance: 24 cm\r\n;received
3:59:10 PM.369;LED1 (Green 1): OFF\r\n;received
3:59:10 PM.385;LED2 (Green 2): OFF\r\n;received
3:59:10 PM.401;LED3 (Yellow): ON\r\n;received
3:59:10 PM.432;LED4 (Red 1): OFF\r\n;received
3:59:10 PM.448;LED5 (Red 2): OFF\r\n;received
3:59:10 PM.465;--------------------\r\n;received
3:59:11 PM.489;Distance: 0 cm\r\n;received
3:59:11 PM.506;LED1 (Green 1): OFF\r\n;received
3:59:11 PM.521;LED2 (Green 2): OFF\r\n;received
3:59:11 PM.553;LED3 (Yellow): OFF\r\n;received
3:59:11 PM.569;LED4 (Red 1): OFF\r\n;received
3:59:11 PM.585;LED5 (Red 2): ON\r\n;received
3:59:11 PM.601;--------------------\r\n;received
3:59:12 PM.626;Distance: 0 cm\r\n;received
3:59:12 PM.641;LED1 (Green 1): OFF\r\n;received
3:59:12 PM.657;LED2 (Green 2): OFF\r\n;received
3:59:12 PM.689;LED3 (Yellow): OFF\r\n;received
3:59:12 PM.705;LED4 (Red 1): OFF\r\n;received
3:59:12 PM.721;LED5 (Red 2): ON\r\n;received
3:59:12 PM.753;--------------------\r\n;received
3:59:13 PM.744;Distance: 24 cm\r\n;received
3:59:13 PM.777;LED1 (Green 1): OFF\r\n;received
3:59:13 PM.793;LED2 (Green 2): OFF\r\n;received
3:59:13 PM.808;LED3 (Yellow): ON\r\n;received
3:59:13 PM.841;LED4 (Red 1): OFF\r\n;received
3:59:13 PM.856;LED5 (Red 2): OFF\r\n;received
3:59:13 PM.872;--------------------\r\n;received
3:59:14 PM.881;Distance: 24 cm\r\n;received
3:59:14 PM.896;LED1 (Green 1): OFF\r\n;received
3:59:14 PM.929;LED2 (Green 2): OFF\r\n;received
3:59:14 PM.945;LED3 (Yellow): ON\r\n;received
3:59:14 PM.961;LED4 (Red 1): OFF\r\n;received
3:59:14 PM.977;LED5 (Red 2): OFF\r\n;received
3:59:15 PM.9;--------------------\r\n;received
3:59:16 PM.17;Distance: 0 cm\r\n;received
3:59:16 PM.33;LED1 (Green 1): OFF\r\n;received
3:59:16 PM.65;LED2 (Green 2): OFF\r\n;received
3:59:16 PM.80;LED3 (Yellow): OFF\r\n;received
3:59:16 PM.97;LED4 (Red 1): OFF\r\n;received
3:59:16 PM.129;LED5 (Red 2): ON\r\n;received
3:59:16 PM.145;--------------------\r\n;received
3:59:17 PM.153;Distance: 28 cm\r\n;received
3:59:17 PM.169;LED1 (Green 1): OFF\r\n;received
3:59:17 PM.185;LED2 (Green 2): OFF\r\n;received
3:59:17 PM.217;LED3 (Yellow): ON\r\n;received
3:59:17 PM.233;LED4 (Red 1): OFF\r\n;received
3:59:17 PM.249;LED5 (Red 2): OFF\r\n;received
3:59:17 PM.264;--------------------\r\n;received
3:59:18 PM.273;Distance: 30 cm\r\n;received
3:59:18 PM.289;LED1 (Green 1): OFF\r\n;received
3:59:18 PM.321;LED2 (Green 2): OFF\r\n;received
3:59:18 PM.337;LED3 (Yellow): ON\r\n;received
3:59:18 PM.353;LED4 (Red 1): OFF\r\n;received
3:59:18 PM.385;LED5 (Red 2): OFF\r\n;received
3:59:18 PM.401;--------------------\r\n;received
3:59:19 PM.409;Distance: 33 cm\r\n;received
3:59:19 PM.425;LED1 (Green 1): OFF\r\n;received
3:59:19 PM.441;LED2 (Green 2): ON\r\n;received
3:59:19 PM.473;LED3 (Yellow): OFF\r\n;received
3:59:19 PM.488;LED4 (Red 1): OFF\r\n;received
3:59:19 PM.505;LED5 (Red 2): OFF\r\n;received
3:59:19 PM.537;--------------------\r\n;received
3:59:20 PM.529;Distance: 33 cm\r\n;received
3:59:20 PM.561;LED1 (Green 1): OFF\r\n;received
3:59:20 PM.577;LED2 (Green 2): ON\r\n;received
3:59:20 PM.593;LED3 (Yellow): OFF\r\n;received
3:59:20 PM.626;LED4 (Red 1): OFF\r\n;received
3:59:20 PM.641;LED5 (Red 2): OFF\r\n;received
3:59:20 PM.657;--------------------\r\n;received
3:59:21 PM.681;Distance: 0 cm\r\n;received
3:59:21 PM.696;LED1 (Green 1): OFF\r\n;received
3:59:21 PM.712;LED2 (Green 2): OFF\r\n;received
3:59:21 PM.728;LED3 (Yellow): OFF\r\n;received
3:59:21 PM.761;LED4 (Red 1): OFF\r\n;received
3:59:21 PM.776;LED5 (Red 2): ON\r\n;received
3:59:21 PM.793;--------------------\r\n;received
3:59:22 PM.801;Distance: 38 cm\r\n;received
3:59:22 PM.833;LED1 (Green 1): OFF\r\n;received
3:59:22 PM.849;LED2 (Green 2): ON\r\n;received
3:59:22 PM.865;LED3 (Yellow): OFF\r\n;received
3:59:22 PM.881;LED4 (Red 1): OFF\r\n;received
3:59:22 PM.912;LED5 (Red 2): OFF\r\n;received
3:59:22 PM.929;--------------------\r\n;received
3:59:23 PM.937;Distance: 36 cm\r\n;received
3:59:23 PM.953;LED1 (Green 1): OFF\r\n;received
3:59:23 PM.969;LED2 (Green 2): ON\r\n;received
3:59:24 PM.1;LED3 (Yellow): OFF\r\n;received
3:59:24 PM.17;LED4 (Red 1): OFF\r\n;received
3:59:24 PM.33;LED5 (Red 2): OFF\r\n;received
3:59:24 PM.65;--------------------\r\n;received
3:59:25 PM.73;Distance: 0 cm\r\n;received
3:59:25 PM.89;LED1 (Green 1): OFF\r\n;received
3:59:25 PM.121;LED2 (Green 2): OFF\r\n;received
3:59:25 PM.136;LED3 (Yellow): OFF\r\n;received
3:59:25 PM.153;LED4 (Red 1): OFF\r\n;received
3:59:25 PM.168;LED5 (Red 2): ON\r\n;received
3:59:25 PM.200;--------------------\r\n;received
3:59:26 PM.210;Distance: 0 cm\r\n;received
3:59:26 PM.225;LED1 (Green 1): OFF\r\n;received
3:59:26 PM.257;LED2 (Green 2): OFF\r\n;received
3:59:26 PM.273;LED3 (Yellow): OFF\r\n;received
3:59:26 PM.289;LED4 (Red 1): OFF\r\n;received
3:59:26 PM.305;LED5 (Red 2): ON\r\n;received
3:59:26 PM.337;--------------------\r\n;received
3:59:27 PM.345;Distance: 41 cm\r\n;received
3:59:27 PM.360;LED1 (Green 1): ON\r\n;received
3:59:27 PM.377;LED2 (Green 2): OFF\r\n;received
3:59:27 PM.393;LED3 (Yellow): OFF\r\n;received
3:59:27 PM.425;LED4 (Red 1): OFF\r\n;received
3:59:27 PM.441;LED5 (Red 2): OFF\r\n;received
3:59:27 PM.473;--------------------\r\n;received
3:59:28 PM.466;Distance: 42 cm\r\n;received
3:59:28 PM.497;LED1 (Green 1): ON\r\n;received
3:59:28 PM.513;LED2 (Green 2): OFF\r\n;received
3:59:28 PM.529;LED3 (Yellow): OFF\r\n;received
3:59:28 PM.545;LED4 (Red 1): OFF\r\n;received
3:59:28 PM.577;LED5 (Red 2): OFF\r\n;received
3:59:28 PM.593;--------------------\r\n;received
3:59:29 PM.601;Distance: 45 cm\r\n;received
3:59:29 PM.617;LED1 (Green 1): ON\r\n;received
3:59:29 PM.650;LED2 (Green 2): OFF\r\n;received
3:59:29 PM.665;LED3 (Yellow): OFF\r\n;received
3:59:29 PM.681;LED4 (Red 1): OFF\r\n;received
3:59:29 PM.697;LED5 (Red 2): OFF\r\n;received
3:59:29 PM.729;--------------------\r\n;received
3:59:30 PM.737;Distance: 0 cm\r\n;received
3:59:30 PM.753;LED1 (Green 1): OFF\r\n;received
3:59:30 PM.784;LED2 (Green 2): OFF\r\n;received
3:59:30 PM.800;LED3 (Yellow): OFF\r\n;received
3:59:30 PM.816;LED4 (Red 1): OFF\r\n;received
3:59:30 PM.849;LED5 (Red 2): ON\r\n;received
3:59:30 PM.865;--------------------\r\n;received
3:59:31 PM.873;Distance: 47 cm\r\n;received
3:59:31 PM.889;LED1 (Green 1): ON\r\n;received
3:59:31 PM.905;LED2 (Green 2): OFF\r\n;received
3:59:31 PM.937;LED3 (Yellow): OFF\r\n;received
3:59:31 PM.953;LED4 (Red 1): OFF\r\n;received
3:59:31 PM.969;LED5 (Red 2): OFF\r\n;received
3:59:31 PM.984;--------------------\r\n;received
3:59:32 PM.994;Distance: 48 cm\r\n;received
3:59:33 PM.25;LED1 (Green 1): ON\r\n;received
3:59:33 PM.41;LED2 (Green 2): OFF\r\n;received
3:59:33 PM.56;LED3 (Yellow): OFF\r\n;received
3:59:33 PM.89;LED4 (Red 1): OFF\r\n;received
3:59:33 PM.104;LED5 (Red 2): OFF\r\n;received
3:59:33 PM.121;--------------------\r\n;received
3:59:34 PM.130;Distance: 46 cm\r\n;received
3:59:34 PM.146;LED1 (Green 1): ON\r\n;received
3:59:34 PM.177;LED2 (Green 2): OFF\r\n;received
3:59:34 PM.193;LED3 (Yellow): OFF\r\n;received
3:59:34 PM.208;LED4 (Red 1): OFF\r\n;received
3:59:34 PM.225;LED5 (Red 2): OFF\r\n;received
3:59:34 PM.256;--------------------\r\n;received
3:59:35 PM.249;Distance: 48 cm\r\n;received
3:59:35 PM.281;LED1 (Green 1): ON\r\n;received
3:59:35 PM.297;LED2 (Green 2): OFF\r\n;received
3:59:35 PM.329;LED3 (Yellow): OFF\r\n;received
3:59:35 PM.345;LED4 (Red 1): OFF\r\n;received
3:59:35 PM.361;LED5 (Red 2): OFF\r\n;received
3:59:35 PM.376;--------------------\r\n;received
3:59:36 PM.402;Distance: 0 cm\r\n;received
3:59:36 PM.418;LED1 (Green 1): OFF\r\n;received
3:59:36 PM.432;LED2 (Green 2): OFF\r\n;received
3:59:36 PM.465;LED3 (Yellow): OFF\r\n;received
3:59:36 PM.481;LED4 (Red 1): OFF\r\n;received
3:59:36 PM.496;LED5 (Red 2): ON\r\n;received
3:59:36 PM.529;--------------------\r\n;received
3:59:37 PM.522;Distance: 46 cm\r\n;received
3:59:37 PM.553;LED1 (Green 1): ON\r\n;received
3:59:37 PM.569;LED2 (Green 2): OFF\r\n;received
3:59:37 PM.585;LED3 (Yellow): OFF\r\n;received
3:59:37 PM.601;LED4 (Red 1): OFF\r\n;received
3:59:37 PM.632;LED5 (Red 2): OFF\r\n;received
3:59:37 PM.649;--------------------\r\n;received
3:59:38 PM.657;Distance: 47 cm\r\n;received
3:59:38 PM.673;LED1 (Green 1): ON\r\n;received
3:59:38 PM.708;LED2 (Green 2): OFF\r\n;received
3:59:38 PM.721;LED3 (Yellow): OFF\r\n;received
3:59:38 PM.737;LED4 (Red 1): OFF\r\n;received
3:59:38 PM.753;LED5 (Red 2): OFF\r\n;received
3:59:38 PM.785;--------------------\r\n;received
3:59:39 PM.793;Distance: 0 cm\r\n;received
3:59:39 PM.810;LED1 (Green 1): OFF\r\n;received
3:59:39 PM.841;LED2 (Green 2): OFF\r\n;received
3:59:39 PM.857;LED3 (Yellow): OFF\r\n;received
3:59:39 PM.873;LED4 (Red 1): OFF\r\n;received
3:59:39 PM.889;LED5 (Red 2): ON\r\n;received
3:59:39 PM.921;--------------------\r\n;received
3:59:40 PM.930;Distance: 0 cm\r\n;received
3:59:40 PM.961;LED1 (Green 1): OFF\r\n;received
3:59:40 PM.977;LED2 (Green 2): OFF\r\n;received
3:59:40 PM.993;LED3 (Yellow): OFF\r\n;received
3:59:41 PM.9;LED4 (Red 1): OFF\r\n;received
3:59:41 PM.41;LED5 (Red 2): ON\r\n;received
3:59:41 PM.57;--------------------\r\n;received
3:59:42 PM.66;Distance: 0 cm\r\n;received
3:59:42 PM.97;LED1 (Green 1): OFF\r\n;received
3:59:42 PM.113;LED2 (Green 2): OFF\r\n;received
3:59:42 PM.129;LED3 (Yellow): OFF\r\n;received
3:59:42 PM.161;LED4 (Red 1): OFF\r\n;received
3:59:42 PM.177;LED5 (Red 2): ON\r\n;received
3:59:42 PM.193;--------------------\r\n;received
3:59:43 PM.201;Distance: 41 cm\r\n;received
3:59:43 PM.217;LED1 (Green 1): ON\r\n;received
3:59:43 PM.250;LED2 (Green 2): OFF\r\n;received
3:59:43 PM.265;LED3 (Yellow): OFF\r\n;received
3:59:43 PM.281;LED4 (Red 1): OFF\r\n;received
3:59:43 PM.313;LED5 (Red 2): OFF\r\n;received
3:59:43 PM.329;--------------------\r\n;received
3:59:44 PM.338;Distance: 41 cm\r\n;received
3:59:44 PM.353;LED1 (Green 1): ON\r\n;received
3:59:44 PM.369;LED2 (Green 2): OFF\r\n;received
3:59:44 PM.401;LED3 (Yellow): OFF\r\n;received
3:59:44 PM.417;LED4 (Red 1): OFF\r\n;received
3:59:44 PM.433;LED5 (Red 2): OFF\r\n;received
3:59:44 PM.449;--------------------\r\n;received
3:59:45 PM.458;Distance: 38 cm\r\n;received
3:59:45 PM.490;LED1 (Green 1): OFF\r\n;received
3:59:45 PM.504;LED2 (Green 2): ON\r\n;received
3:59:45 PM.521;LED3 (Yellow): OFF\r\n;received
3:59:45 PM.537;LED4 (Red 1): OFF\r\n;received
3:59:45 PM.569;LED5 (Red 2): OFF\r\n;received
3:59:45 PM.585;--------------------\r\n;received
3:59:46 PM.594;Distance: 34 cm\r\n;received
3:59:46 PM.609;LED1 (Green 1): OFF\r\n;received
3:59:46 PM.641;LED2 (Green 2): ON\r\n;received
3:59:46 PM.657;LED3 (Yellow): OFF\r\n;received
3:59:46 PM.673;LED4 (Red 1): OFF\r\n;received
3:59:46 PM.689;LED5 (Red 2): OFF\r\n;received
3:59:46 PM.721;--------------------\r\n;received
3:59:47 PM.713;Distance: 36 cm\r\n;received
3:59:47 PM.745;LED1 (Green 1): OFF\r\n;received
3:59:47 PM.761;LED2 (Green 2): ON\r\n;received
3:59:47 PM.777;LED3 (Yellow): OFF\r\n;received
3:59:47 PM.809;LED4 (Red 1): OFF\r\n;received
3:59:47 PM.825;LED5 (Red 2): OFF\r\n;received
3:59:47 PM.840;--------------------\r\n;received
3:59:48 PM.850;Distance: 31 cm\r\n;received
3:59:48 PM.865;LED1 (Green 1): OFF\r\n;received
3:59:48 PM.898;LED2 (Green 2): ON\r\n;received
3:59:48 PM.912;LED3 (Yellow): OFF\r\n;received
3:59:48 PM.929;LED4 (Red 1): OFF\r\n;received
3:59:48 PM.945;LED5 (Red 2): OFF\r\n;received
3:59:48 PM.977;--------------------\r\n;received
3:59:49 PM.969;Distance: 32 cm\r\n;received
3:59:50 PM.1;LED1 (Green 1): OFF\r\n;received
3:59:50 PM.17;LED2 (Green 2): ON\r\n;received
3:59:50 PM.49;LED3 (Yellow): OFF\r\n;received
3:59:50 PM.65;LED4 (Red 1): OFF\r\n;received
3:59:50 PM.81;LED5 (Red 2): OFF\r\n;received
3:59:50 PM.97;--------------------\r\n;received
3:59:51 PM.105;Distance: 26 cm\r\n;received
3:59:51 PM.121;LED1 (Green 1): OFF\r\n;received
3:59:51 PM.153;LED2 (Green 2): OFF\r\n;received
3:59:51 PM.169;LED3 (Yellow): ON\r\n;received
3:59:51 PM.185;LED4 (Red 1): OFF\r\n;received
3:59:51 PM.217;LED5 (Red 2): OFF\r\n;received
3:59:51 PM.233;--------------------\r\n;received
3:59:52 PM.241;Distance: 26 cm\r\n;received
3:59:52 PM.257;LED1 (Green 1): OFF\r\n;received
3:59:52 PM.274;LED2 (Green 2): OFF\r\n;received
3:59:52 PM.305;LED3 (Yellow): ON\r\n;received
3:59:52 PM.321;LED4 (Red 1): OFF\r\n;received
3:59:52 PM.336;LED5 (Red 2): OFF\r\n;received
3:59:52 PM.353;--------------------\r\n;received
3:59:53 PM.361;Distance: 23 cm\r\n;received
3:59:53 PM.393;LED1 (Green 1): OFF\r\n;received
3:59:53 PM.409;LED2 (Green 2): OFF\r\n;received
3:59:53 PM.424;LED3 (Yellow): ON\r\n;received
3:59:53 PM.457;LED4 (Red 1): OFF\r\n;received
3:59:53 PM.473;LED5 (Red 2): OFF\r\n;received
3:59:53 PM.489;--------------------\r\n;received
3:59:54 PM.497;Distance: 20 cm\r\n;received
3:59:54 PM.514;LED1 (Green 1): OFF\r\n;received
3:59:54 PM.545;LED2 (Green 2): OFF\r\n;received
3:59:54 PM.562;LED3 (Yellow): OFF\r\n;received
3:59:54 PM.577;LED4 (Red 1): ON\r\n;received
3:59:54 PM.593;LED5 (Red 2): OFF\r\n;received
3:59:54 PM.625;--------------------\r\n;received
3:59:55 PM.617;Distance: 18 cm\r\n;received
3:59:55 PM.649;LED1 (Green 1): OFF\r\n;received
3:59:55 PM.665;LED2 (Green 2): OFF\r\n;received
3:59:55 PM.681;LED3 (Yellow): OFF\r\n;received
3:59:55 PM.713;LED4 (Red 1): ON\r\n;received
3:59:55 PM.729;LED5 (Red 2): OFF\r\n;received
3:59:55 PM.745;--------------------\r\n;received
3:59:56 PM.754;Distance: 0 cm\r\n;received
3:59:56 PM.785;LED1 (Green 1): OFF\r\n;received
3:59:56 PM.801;LED2 (Green 2): OFF\r\n;received
3:59:56 PM.817;LED3 (Yellow): OFF\r\n;received
3:59:56 PM.849;LED4 (Red 1): OFF\r\n;received
3:59:56 PM.865;LED5 (Red 2): ON\r\n;received
3:59:56 PM.881;--------------------\r\n;received
3:59:57 PM.890;Distance: 12 cm\r\n;received
3:59:57 PM.906;LED1 (Green 1): OFF\r\n;received
3:59:57 PM.938;LED2 (Green 2): OFF\r\n;received
3:59:57 PM.953;LED3 (Yellow): OFF\r\n;received
3:59:57 PM.969;LED4 (Red 1): ON\r\n;received
3:59:57 PM.984;LED5 (Red 2): OFF\r\n;received
3:59:58 PM.17;--------------------\r\n;received
3:59:59 PM.25;Distance: 0 cm\r\n;received
3:59:59 PM.41;LED1 (Green 1): OFF\r\n;received
3:59:59 PM.74;LED2 (Green 2): OFF\r\n;received
3:59:59 PM.89;LED3 (Yellow): OFF\r\n;received
3:59:59 PM.105;LED4 (Red 1): OFF\r\n;received
3:59:59 PM.137;LED5 (Red 2): ON\r\n;received
3:59:59 PM.153;--------------------\r\n;received
4:00:00 PM.161;Distance: 12 cm\r\n;received
4:00:00 PM.178;LED1 (Green 1): OFF\r\n;received
4:00:00 PM.193;LED2 (Green 2): OFF\r\n;received
4:00:00 PM.225;LED3 (Yellow): OFF\r\n;received
4:00:00 PM.241;LED4 (Red 1): ON\r\n;received
4:00:00 PM.257;LED5 (Red 2): OFF\r\n;received
4:00:00 PM.289;--------------------\r\n;received
4:00:01 PM.298;Distance: 0 cm\r\n;received
4:00:01 PM.314;LED1 (Green 1): OFF\r\n;received
4:00:01 PM.345;LED2 (Green 2): OFF\r\n;received
4:00:01 PM.361;LED3 (Yellow): OFF\r\n;received
4:00:01 PM.377;LED4 (Red 1): OFF\r\n;received
4:00:01 PM.393;LED5 (Red 2): ON\r\n;received
4:00:01 PM.426;--------------------\r\n;received
4:00:02 PM.418;Distance: 10 cm\r\n;received
4:00:02 PM.449;LED1 (Green 1): OFF\r\n;received
4:00:02 PM.465;LED2 (Green 2): OFF\r\n;received
4:00:02 PM.481;LED3 (Yellow): OFF\r\n;received
4:00:02 PM.513;LED4 (Red 1): OFF\r\n;received
4:00:02 PM.529;LED5 (Red 2): ON\r\n;received
4:00:02 PM.545;--------------------\r\n;received
4:00:03 PM.554;Distance: 17 cm\r\n;received
4:00:03 PM.570;LED1 (Green 1): OFF\r\n;received
4:00:03 PM.601;LED2 (Green 2): OFF\r\n;received
4:00:03 PM.617;LED3 (Yellow): OFF\r\n;received
4:00:03 PM.633;LED4 (Red 1): ON\r\n;received
4:00:03 PM.649;LED5 (Red 2): OFF\r\n;received
4:00:03 PM.681;--------------------\r\n;received
4:00:04 PM.673;Distance: 10 cm\r\n;received
4:00:04 PM.706;LED1 (Green 1): OFF\r\n;received
4:00:04 PM.722;LED2 (Green 2): OFF\r\n;received
4:00:04 PM.737;LED3 (Yellow): OFF\r\n;received
4:00:04 PM.769;LED4 (Red 1): OFF\r\n;received
4:00:04 PM.786;LED5 (Red 2): ON\r\n;received
4:00:04 PM.802;--------------------\r\n;received
4:00:05 PM.810;Distance: 0 cm\r\n;received
4:00:05 PM.842;LED1 (Green 1): OFF\r\n;received
4:00:05 PM.857;LED2 (Green 2): OFF\r\n;received
4:00:05 PM.873;LED3 (Yellow): OFF\r\n;received
4:00:05 PM.906;LED4 (Red 1): OFF\r\n;received
4:00:05 PM.921;LED5 (Red 2): ON\r\n;received
4:00:05 PM.938;--------------------\r\n;received
4:00:06 PM.946;Distance: 17 cm\r\n;received
4:00:06 PM.962;LED1 (Green 1): OFF\r\n;received
4:00:06 PM.994;LED2 (Green 2): OFF\r\n;received
4:00:07 PM.10;LED3 (Yellow): OFF\r\n;received
4:00:07 PM.26;LED4 (Red 1): ON\r\n;received
4:00:07 PM.41;LED5 (Red 2): OFF\r\n;received
4:00:07 PM.74;--------------------\r\n;received
4:00:08 PM.66;Distance: 14 cm\r\n;received
4:00:08 PM.97;LED1 (Green 1): OFF\r\n;received
4:00:08 PM.113;LED2 (Green 2): OFF\r\n;received
4:00:08 PM.146;LED3 (Yellow): OFF\r\n;received
4:00:08 PM.161;LED4 (Red 1): ON\r\n;received
4:00:08 PM.178;LED5 (Red 2): OFF\r\n;received
4:00:08 PM.194;--------------------\r\n;received
4:00:09 PM.201;Distance: 19 cm\r\n;received
4:00:09 PM.218;LED1 (Green 1): OFF\r\n;received
4:00:09 PM.250;LED2 (Green 2): OFF\r\n;received
4:00:09 PM.266;LED3 (Yellow): OFF\r\n;received
4:00:09 PM.281;LED4 (Red 1): ON\r\n;received
4:00:09 PM.297;LED5 (Red 2): OFF\r\n;received
4:00:09 PM.330;--------------------\r\n;received
4:00:10 PM.337;Distance: 20 cm\r\n;received
4:00:10 PM.354;LED1 (Green 1): OFF\r\n;received
4:00:10 PM.370;LED2 (Green 2): OFF\r\n;received
4:00:10 PM.402;LED3 (Yellow): OFF\r\n;received
4:00:10 PM.417;LED4 (Red 1): ON\r\n;received
4:00:10 PM.434;LED5 (Red 2): OFF\r\n;received
4:00:10 PM.448;--------------------\r\n;received
4:00:11 PM.473;Distance: 0 cm\r\n;received
4:00:11 PM.490;LED1 (Green 1): OFF\r\n;received
4:00:11 PM.505;LED2 (Green 2): OFF\r\n;received
4:00:11 PM.538;LED3 (Yellow): OFF\r\n;received
4:00:11 PM.554;LED4 (Red 1): OFF\r\n;received
4:00:11 PM.570;LED5 (Red 2): ON\r\n;received
4:00:11 PM.602;--------------------\r\n;received
4:00:12 PM.610;Distance: 0 cm\r\n;received
4:00:12 PM.625;LED1 (Green 1): OFF\r\n;received
4:00:12 PM.658;LED2 (Green 2): OFF\r\n;received
4:00:12 PM.674;LED3 (Yellow): OFF\r\n;received
4:00:12 PM.689;LED4 (Red 1): OFF\r\n;received
4:00:12 PM.705;LED5 (Red 2): ON\r\n;received
4:00:12 PM.738;--------------------\r\n;received
4:00:13 PM.729;Distance: 22 cm\r\n;received
4:00:13 PM.762;LED1 (Green 1): OFF\r\n;received
4:00:13 PM.778;LED2 (Green 2): OFF\r\n;received
4:00:13 PM.794;LED3 (Yellow): ON\r\n;received
4:00:13 PM.825;LED4 (Red 1): OFF\r\n;received
4:00:13 PM.842;LED5 (Red 2): OFF\r\n;received
4:00:13 PM.858;--------------------\r\n;received
4:00:14 PM.866;Distance: 21 cm\r\n;received
4:00:14 PM.882;LED1 (Green 1): OFF\r\n;received
4:00:14 PM.914;LED2 (Green 2): OFF\r\n;received
4:00:14 PM.932;LED3 (Yellow): ON\r\n;received
4:00:14 PM.945;LED4 (Red 1): OFF\r\n;received
4:00:14 PM.978;LED5 (Red 2): OFF\r\n;received
4:00:14 PM.994;--------------------\r\n;received
4:00:15 PM.986;Distance: 26 cm\r\n;received
4:00:16 PM.17;LED1 (Green 1): OFF\r\n;received
4:00:16 PM.33;LED2 (Green 2): OFF\r\n;received
4:00:16 PM.66;LED3 (Yellow): ON\r\n;received
4:00:16 PM.82;LED4 (Red 1): OFF\r\n;received
4:00:16 PM.98;LED5 (Red 2): OFF\r\n;received
4:00:16 PM.114;--------------------\r\n;received
4:00:17 PM.122;Distance: 26 cm\r\n;received
4:00:17 PM.138;LED1 (Green 1): OFF\r\n;received
4:00:17 PM.169;LED2 (Green 2): OFF\r\n;received
4:00:17 PM.185;LED3 (Yellow): ON\r\n;received
4:00:17 PM.202;LED4 (Red 1): OFF\r\n;received
4:00:17 PM.234;LED5 (Red 2): OFF\r\n;received
4:00:17 PM.250;--------------------\r\n;received
4:00:18 PM.258;Distance: 28 cm\r\n;received
4:00:18 PM.274;LED1 (Green 1): OFF\r\n;received
4:00:18 PM.290;LED2 (Green 2): OFF\r\n;received
4:00:18 PM.322;LED3 (Yellow): ON\r\n;received
4:00:18 PM.338;LED4 (Red 1): OFF\r\n;received
4:00:18 PM.353;LED5 (Red 2): OFF\r\n;received
4:00:18 PM.369;--------------------\r\n;received
4:00:19 PM.378;Distance: 31 cm\r\n;received
4:00:19 PM.410;LED1 (Green 1): OFF\r\n;received
4:00:19 PM.426;LED2 (Green 2): ON\r\n;received
4:00:19 PM.442;LED3 (Yellow): OFF\r\n;received
4:00:19 PM.473;LED4 (Red 1): OFF\r\n;received
4:00:19 PM.490;LED5 (Red 2): OFF\r\n;received
4:00:19 PM.506;--------------------\r\n;received
4:00:20 PM.514;Distance: 34 cm\r\n;received
4:00:20 PM.530;LED1 (Green 1): OFF\r\n;received
4:00:20 PM.546;LED2 (Green 2): ON\r\n;received
4:00:20 PM.577;LED3 (Yellow): OFF\r\n;received
4:00:20 PM.593;LED4 (Red 1): OFF\r\n;received
4:00:20 PM.610;LED5 (Red 2): OFF\r\n;received
4:00:20 PM.642;--------------------\r\n;received
4:00:21 PM.650;Distance: 34 cm\r\n;received
4:00:21 PM.666;LED1 (Green 1): OFF\r\n;received
4:00:21 PM.681;LED2 (Green 2): ON\r\n;received
4:00:21 PM.698;LED3 (Yellow): OFF\r\n;received
4:00:21 PM.730;LED4 (Red 1): OFF\r\n;received
4:00:21 PM.746;LED5 (Red 2): OFF\r\n;received
4:00:21 PM.762;--------------------\r\n;received
4:00:22 PM.770;Distance: 33 cm\r\n;received
4:00:22 PM.785;LED1 (Green 1): OFF\r\n;received
4:00:22 PM.817;LED2 (Green 2): ON\r\n;received
4:00:22 PM.834;LED3 (Yellow): OFF\r\n;received
4:00:22 PM.850;LED4 (Red 1): OFF\r\n;received
4:00:22 PM.882;LED5 (Red 2): OFF\r\n;received
4:00:22 PM.898;--------------------\r\n;received
4:00:23 PM.906;Distance: 37 cm\r\n;received
4:00:23 PM.921;LED1 (Green 1): OFF\r\n;received
4:00:23 PM.938;LED2 (Green 2): ON\r\n;received
4:00:23 PM.969;LED3 (Yellow): OFF\r\n;received
4:00:23 PM.986;LED4 (Red 1): OFF\r\n;received
4:00:24 PM.1;LED5 (Red 2): OFF\r\n;received
4:00:24 PM.17;--------------------\r\n;received
4:00:25 PM.25;Distance: 39 cm\r\n;received
4:00:25 PM.58;LED1 (Green 1): OFF\r\n;received
4:00:25 PM.73;LED2 (Green 2): ON\r\n;received
4:00:25 PM.89;LED3 (Yellow): OFF\r\n;received
4:00:25 PM.122;LED4 (Red 1): OFF\r\n;received
4:00:25 PM.138;LED5 (Red 2): OFF\r\n;received
4:00:25 PM.154;--------------------\r\n;received
4:00:26 PM.161;Distance: 39 cm\r\n;received
4:00:26 PM.177;LED1 (Green 1): OFF\r\n;received
4:00:26 PM.210;LED2 (Green 2): ON\r\n;received
4:00:26 PM.225;LED3 (Yellow): OFF\r\n;received
4:00:26 PM.241;LED4 (Red 1): OFF\r\n;received
4:00:26 PM.258;LED5 (Red 2): OFF\r\n;received
4:00:26 PM.290;--------------------\r\n;received
4:00:27 PM.298;Distance: 0 cm\r\n;received
4:00:27 PM.314;LED1 (Green 1): OFF\r\n;received
4:00:27 PM.346;LED2 (Green 2): OFF\r\n;received
4:00:27 PM.362;LED3 (Yellow): OFF\r\n;received
4:00:27 PM.377;LED4 (Red 1): OFF\r\n;received
4:00:27 PM.394;LED5 (Red 2): ON\r\n;received
4:00:27 PM.425;--------------------\r\n;received
4:00:28 PM.434;Distance: 43 cm\r\n;received
4:00:28 PM.450;LED1 (Green 1): ON\r\n;received
4:00:28 PM.465;LED2 (Green 2): OFF\r\n;received
4:00:28 PM.482;LED3 (Yellow): OFF\r\n;received
4:00:28 PM.514;LED4 (Red 1): OFF\r\n;received
4:00:28 PM.530;LED5 (Red 2): OFF\r\n;received
4:00:28 PM.562;--------------------\r\n;received
4:00:29 PM.569;Distance: 0 cm\r\n;received
4:00:29 PM.586;LED1 (Green 1): OFF\r\n;received
4:00:29 PM.602;LED2 (Green 2): OFF\r\n;received
4:00:29 PM.634;LED3 (Yellow): OFF\r\n;received
4:00:29 PM.649;LED4 (Red 1): OFF\r\n;received
4:00:29 PM.665;LED5 (Red 2): ON\r\n;received
4:00:29 PM.698;--------------------\r\n;received
4:00:30 PM.706;Distance: 0 cm\r\n;received
4:00:30 PM.722;LED1 (Green 1): OFF\r\n;received
4:00:30 PM.754;LED2 (Green 2): OFF\r\n;received
4:00:30 PM.770;LED3 (Yellow): OFF\r\n;received
4:00:30 PM.786;LED4 (Red 1): OFF\r\n;received
4:00:30 PM.801;LED5 (Red 2): ON\r\n;received
4:00:30 PM.834;--------------------\r\n;received
4:00:31 PM.842;Distance: 0 cm\r\n;received
4:00:31 PM.857;LED1 (Green 1): OFF\r\n;received
4:00:31 PM.889;LED2 (Green 2): OFF\r\n;received
4:00:31 PM.905;LED3 (Yellow): OFF\r\n;received
4:00:31 PM.922;LED4 (Red 1): OFF\r\n;received
4:00:31 PM.954;LED5 (Red 2): ON\r\n;received
4:00:31 PM.970;--------------------\r\n;received
4:00:32 PM.978;Distance: 0 cm\r\n;received
4:00:33 PM.9;LED1 (Green 1): OFF\r\n;received
4:00:33 PM.26;LED2 (Green 2): OFF\r\n;received
4:00:33 PM.41;LED3 (Yellow): OFF\r\n;received
4:00:33 PM.57;LED4 (Red 1): OFF\r\n;received
4:00:33 PM.90;LED5 (Red 2): ON\r\n;received
4:00:33 PM.106;--------------------\r\n;received
4:00:34 PM.114;Distance: 0 cm\r\n;received
4:00:34 PM.146;LED1 (Green 1): OFF\r\n;received
4:00:34 PM.162;LED2 (Green 2): OFF\r\n;received
4:00:34 PM.177;LED3 (Yellow): OFF\r\n;received
4:00:34 PM.210;LED4 (Red 1): OFF\r\n;received
4:00:34 PM.226;LED5 (Red 2): ON\r\n;received
4:00:34 PM.242;--------------------\r\n;received
4:00:35 PM.250;Distance: 0 cm\r\n;received
4:00:35 PM.281;LED1 (Green 1): OFF\r\n;received
4:00:35 PM.297;LED2 (Green 2): OFF\r\n;received
4:00:35 PM.313;LED3 (Yellow): OFF\r\n;received
4:00:35 PM.346;LED4 (Red 1): OFF\r\n;received
4:00:35 PM.361;LED5 (Red 2): ON\r\n;received
4:00:35 PM.377;--------------------\r\n;received
4:00:36 PM.401;Distance: 0 cm\r\n;received
4:00:36 PM.418;LED1 (Green 1): OFF\r\n;received
4:00:36 PM.434;LED2 (Green 2): OFF\r\n;received
4:00:36 PM.466;LED3 (Yellow): OFF\r\n;received
4:00:36 PM.481;LED4 (Red 1): OFF\r\n;received
4:00:36 PM.497;LED5 (Red 2): ON\r\n;received
4:00:36 PM.514;--------------------\r\n;received
4:00:37 PM.537;Distance: 0 cm\r\n;received
4:00:37 PM.554;LED1 (Green 1): OFF\r\n;received
4:00:37 PM.570;LED2 (Green 2): OFF\r\n;received
4:00:37 PM.602;LED3 (Yellow): OFF\r\n;received
4:00:37 PM.618;LED4 (Red 1): OFF\r\n;received
4:00:37 PM.634;LED5 (Red 2): ON\r\n;received
4:00:37 PM.666;--------------------\r\n;received
4:00:38 PM.674;Distance: 0 cm\r\n;received
4:00:38 PM.689;LED1 (Green 1): OFF\r\n;received
4:00:38 PM.705;LED2 (Green 2): OFF\r\n;received
4:00:38 PM.738;LED3 (Yellow): OFF\r\n;received
4:00:38 PM.754;LED4 (Red 1): OFF\r\n;received
4:00:38 PM.770;LED5 (Red 2): ON\r\n;received
4:00:38 PM.802;--------------------\r\n;received
4:00:39 PM.810;Distance: 0 cm\r\n;received
4:00:39 PM.825;LED1 (Green 1): OFF\r\n;received
4:00:39 PM.858;LED2 (Green 2): OFF\r\n;received
4:00:39 PM.874;LED3 (Yellow): OFF\r\n;received
4:00:39 PM.890;LED4 (Red 1): OFF\r\n;received
4:00:39 PM.905;LED5 (Red 2): ON\r\n;received
4:00:39 PM.938;--------------------\r\n;received
4:00:40 PM.946;Distance: 0 cm\r\n;received
4:00:40 PM.962;LED1 (Green 1): OFF\r\n;received
4:00:40 PM.994;LED2 (Green 2): OFF\r\n;received
4:00:41 PM.10;LED3 (Yellow): OFF\r\n;received
4:00:41 PM.25;LED4 (Red 1): OFF\r\n;received
4:00:41 PM.42;LED5 (Red 2): ON\r\n;received
4:00:41 PM.74;--------------------\r\n;received
4:00:42 PM.82;Distance: 0 cm\r\n;received
4:00:42 PM.114;LED1 (Green 1): OFF\r\n;received
4:00:42 PM.129;LED2 (Green 2): OFF\r\n;received
4:00:42 PM.145;LED3 (Yellow): OFF\r\n;received
4:00:42 PM.162;LED4 (Red 1): OFF\r\n;received
4:00:42 PM.193;LED5 (Red 2): ON\r\n;received
4:00:42 PM.209;--------------------\r\n;received
4:00:43 PM.219;Distance: 0 cm\r\n;received
4:00:43 PM.250;LED1 (Green 1): OFF\r\n;received
4:00:43 PM.265;LED2 (Green 2): OFF\r\n;received
4:00:43 PM.282;LED3 (Yellow): OFF\r\n;received
4:00:43 PM.314;LED4 (Red 1): OFF\r\n;received
4:00:43 PM.329;LED5 (Red 2): ON\r\n;received
4:00:43 PM.345;--------------------\r\n;received
4:00:44 PM.353;Distance: 0 cm\r\n;received
4:00:44 PM.386;LED1 (Green 1): OFF\r\n;received
4:00:44 PM.402;LED2 (Green 2): OFF\r\n;received
4:00:44 PM.434;LED3 (Yellow): OFF\r\n;received
4:00:44 PM.450;LED4 (Red 1): OFF\r\n;received
4:00:44 PM.466;LED5 (Red 2): ON\r\n;received
4:00:44 PM.482;--------------------\r\n;received
4:00:45 PM.506;Distance: 0 cm\r\n;received
4:00:45 PM.521;LED1 (Green 1): OFF\r\n;received
4:00:45 PM.537;LED2 (Green 2): OFF\r\n;received
4:00:45 PM.553;LED3 (Yellow): OFF\r\n;received
4:00:45 PM.585;LED4 (Red 1): OFF\r\n;received
4:00:45 PM.601;LED5 (Red 2): ON\r\n;received
4:00:45 PM.618;--------------------\r\n;received
4:00:46 PM.626;Distance: 29 cm\r\n;received
4:00:46 PM.657;LED1 (Green 1): OFF\r\n;received
4:00:46 PM.674;LED2 (Green 2): OFF\r\n;received
4:00:46 PM.690;LED3 (Yellow): ON\r\n;received
4:00:46 PM.706;LED4 (Red 1): OFF\r\n;received
4:00:46 PM.738;LED5 (Red 2): OFF\r\n;received
4:00:46 PM.754;--------------------\r\n;received
4:00:47 PM.762;Distance: 38 cm\r\n;received
4:00:47 PM.777;LED1 (Green 1): OFF\r\n;received
4:00:47 PM.794;LED2 (Green 2): ON\r\n;received
4:00:47 PM.826;LED3 (Yellow): OFF\r\n;received
4:00:47 PM.841;LED4 (Red 1): OFF\r\n;received
4:00:47 PM.858;LED5 (Red 2): OFF\r\n;received
4:00:47 PM.890;--------------------\r\n;received
4:00:48 PM.882;Distance: 38 cm\r\n;received
4:00:48 PM.913;LED1 (Green 1): OFF\r\n;received
4:00:48 PM.930;LED2 (Green 2): ON\r\n;received
4:00:48 PM.945;LED3 (Yellow): OFF\r\n;received
4:00:48 PM.962;LED4 (Red 1): OFF\r\n;received
4:00:48 PM.993;LED5 (Red 2): OFF\r\n;received
4:00:49 PM.9;--------------------\r\n;received
4:00:50 PM.34;Distance: 0 cm\r\n;received
4:00:50 PM.49;LED1 (Green 1): OFF\r\n;received
4:00:50 PM.66;LED2 (Green 2): OFF\r\n;received
4:00:50 PM.98;LED3 (Yellow): OFF\r\n;received
4:00:50 PM.114;LED4 (Red 1): OFF\r\n;received
4:00:50 PM.129;LED5 (Red 2): ON\r\n;received
4:00:50 PM.146;--------------------\r\n;received
4:00:51 PM.170;Distance: 0 cm\r\n;received
4:00:51 PM.185;LED1 (Green 1): OFF\r\n;received
4:00:51 PM.201;LED2 (Green 2): OFF\r\n;received
4:00:51 PM.234;LED3 (Yellow): OFF\r\n;received
4:00:51 PM.250;LED4 (Red 1): OFF\r\n;received
4:00:51 PM.266;LED5 (Red 2): ON\r\n;received
4:00:51 PM.298;--------------------\r\n;received
4:00:52 PM.306;Distance: 0 cm\r\n;received
4:00:52 PM.322;LED1 (Green 1): OFF\r\n;received
4:00:52 PM.338;LED2 (Green 2): OFF\r\n;received
4:00:52 PM.370;LED3 (Yellow): OFF\r\n;received
4:00:52 PM.386;LED4 (Red 1): OFF\r\n;received
4:00:52 PM.401;LED5 (Red 2): ON\r\n;received
4:00:52 PM.418;--------------------\r\n;received
4:00:53 PM.426;Distance: 45 cm\r\n;received
4:00:53 PM.458;LED1 (Green 1): ON\r\n;received
4:00:53 PM.473;LED2 (Green 2): OFF\r\n;received
4:00:53 PM.489;LED3 (Yellow): OFF\r\n;received
4:00:53 PM.522;LED4 (Red 1): OFF\r\n;received
4:00:53 PM.538;LED5 (Red 2): OFF\r\n;received
4:00:53 PM.554;--------------------\r\n;received
4:00:54 PM.562;Distance: 0 cm\r\n;received
4:00:54 PM.594;LED1 (Green 1): OFF\r\n;received
4:00:54 PM.610;LED2 (Green 2): OFF\r\n;received
4:00:54 PM.625;LED3 (Yellow): OFF\r\n;received
4:00:54 PM.658;LED4 (Red 1): OFF\r\n;received
4:00:54 PM.674;LED5 (Red 2): ON\r\n;received
4:00:54 PM.690;--------------------\r\n;received
4:00:55 PM.698;Distance: 37 cm\r\n;received
4:00:55 PM.730;LED1 (Green 1): OFF\r\n;received
4:00:55 PM.746;LED2 (Green 2): ON\r\n;received
4:00:55 PM.762;LED3 (Yellow): OFF\r\n;received
4:00:55 PM.778;LED4 (Red 1): OFF\r\n;received
4:00:55 PM.794;LED5 (Red 2): OFF\r\n;received
4:00:55 PM.826;--------------------\r\n;received
4:00:56 PM.834;Distance: 0 cm\r\n;received
4:00:56 PM.866;LED1 (Green 1): OFF\r\n;received
4:00:56 PM.882;LED2 (Green 2): OFF\r\n;received
4:00:56 PM.898;LED3 (Yellow): OFF\r\n;received
4:00:56 PM.929;LED4 (Red 1): OFF\r\n;received
4:00:56 PM.946;LED5 (Red 2): ON\r\n;received
4:00:56 PM.962;--------------------\r\n;received
4:00:57 PM.970;Distance: 31 cm\r\n;received
4:00:57 PM.986;LED1 (Green 1): OFF\r\n;received
4:00:58 PM.2;LED2 (Green 2): ON\r\n;received
4:00:58 PM.34;LED3 (Yellow): OFF\r\n;received
4:00:58 PM.49;LED4 (Red 1): OFF\r\n;received
4:00:58 PM.66;LED5 (Red 2): OFF\r\n;received
4:00:58 PM.98;--------------------\r\n;received
4:00:59 PM.105;Distance: 26 cm\r\n;received
4:00:59 PM.122;LED1 (Green 1): OFF\r\n;received
4:00:59 PM.139;LED2 (Green 2): OFF\r\n;received
4:00:59 PM.154;LED3 (Yellow): ON\r\n;received
4:00:59 PM.186;LED4 (Red 1): OFF\r\n;received
4:00:59 PM.202;LED5 (Red 2): OFF\r\n;received
4:00:59 PM.218;--------------------\r\n;received
4:01:00 PM.226;Distance: 22 cm\r\n;received
4:01:00 PM.242;LED1 (Green 1): OFF\r\n;received
4:01:00 PM.274;LED2 (Green 2): OFF\r\n;received
4:01:00 PM.290;LED3 (Yellow): ON\r\n;received
4:01:00 PM.306;LED4 (Red 1): OFF\r\n;received
4:01:00 PM.322;LED5 (Red 2): OFF\r\n;received
4:01:00 PM.354;--------------------\r\n;received
4:01:01 PM.362;Distance: 19 cm\r\n;received
4:01:01 PM.378;LED1 (Green 1): OFF\r\n;received
4:01:01 PM.394;LED2 (Green 2): OFF\r\n;received
4:01:01 PM.426;LED3 (Yellow): OFF\r\n;received
4:01:01 PM.442;LED4 (Red 1): ON\r\n;received
4:01:01 PM.457;LED5 (Red 2): OFF\r\n;received
4:01:01 PM.474;--------------------\r\n;received
4:01:02 PM.481;Distance: 17 cm\r\n;received
4:01:02 PM.514;LED1 (Green 1): OFF\r\n;received
4:01:02 PM.530;LED2 (Green 2): OFF\r\n;received
4:01:02 PM.546;LED3 (Yellow): OFF\r\n;received
4:01:02 PM.562;LED4 (Red 1): ON\r\n;received
4:01:02 PM.580;LED5 (Red 2): OFF\r\n;received
4:01:02 PM.610;--------------------\r\n;received
4:01:03 PM.618;Distance: 16 cm\r\n;received
4:01:03 PM.634;LED1 (Green 1): OFF\r\n;received
4:01:03 PM.650;LED2 (Green 2): OFF\r\n;received
4:01:03 PM.681;LED3 (Yellow): OFF\r\n;received
4:01:03 PM.698;LED4 (Red 1): ON\r\n;received
4:01:03 PM.714;LED5 (Red 2): OFF\r\n;received
4:01:03 PM.746;--------------------\r\n;received
4:01:04 PM.738;Distance: 13 cm\r\n;received
4:01:04 PM.770;LED1 (Green 1): OFF\r\n;received
4:01:04 PM.786;LED2 (Green 2): OFF\r\n;received
4:01:04 PM.802;LED3 (Yellow): OFF\r\n;received
4:01:04 PM.818;LED4 (Red 1): ON\r\n;received
4:01:04 PM.850;LED5 (Red 2): OFF\r\n;received
4:01:04 PM.866;--------------------\r\n;received
4:01:05 PM.874;Distance: 11 cm\r\n;received
4:01:05 PM.889;LED1 (Green 1): OFF\r\n;received
4:01:05 PM.905;LED2 (Green 2): OFF\r\n;received
4:01:05 PM.938;LED3 (Yellow): OFF\r\n;received
4:01:05 PM.954;LED4 (Red 1): ON\r\n;received
4:01:05 PM.970;LED5 (Red 2): OFF\r\n;received
4:01:06 PM.2;--------------------\r\n;received
4:01:06 PM.994;Distance: 13 cm\r\n;received
4:01:07 PM.26;LED1 (Green 1): OFF\r\n;received
4:01:07 PM.42;LED2 (Green 2): OFF\r\n;received
4:01:07 PM.57;LED3 (Yellow): OFF\r\n;received
4:01:07 PM.74;LED4 (Red 1): ON\r\n;received
4:01:07 PM.90;LED5 (Red 2): OFF\r\n;received
4:01:07 PM.122;--------------------\r\n;received
4:01:08 PM.129;Distance: 13 cm\r\n;received
4:01:08 PM.146;LED1 (Green 1): OFF\r\n;received
4:01:08 PM.162;LED2 (Green 2): OFF\r\n;received
4:01:08 PM.194;LED3 (Yellow): OFF\r\n;received
4:01:08 PM.210;LED4 (Red 1): ON\r\n;received
4:01:08 PM.226;LED5 (Red 2): OFF\r\n;received
4:01:08 PM.258;--------------------\r\n;received
4:01:09 PM.266;Distance: 0 cm\r\n;received
4:01:09 PM.282;LED1 (Green 1): OFF\r\n;received
4:01:09 PM.298;LED2 (Green 2): OFF\r\n;received
4:01:09 PM.329;LED3 (Yellow): OFF\r\n;received
4:01:09 PM.345;LED4 (Red 1): OFF\r\n;received
4:01:09 PM.362;LED5 (Red 2): ON\r\n;received
4:01:09 PM.394;--------------------\r\n;received
4:01:10 PM.386;Distance: 28 cm\r\n;received
4:01:10 PM.418;LED1 (Green 1): OFF\r\n;received
4:01:10 PM.434;LED2 (Green 2): OFF\r\n;received
4:01:10 PM.450;LED3 (Yellow): ON\r\n;received
4:01:10 PM.482;LED4 (Red 1): OFF\r\n;received
4:01:10 PM.497;LED5 (Red 2): OFF\r\n;received
4:01:10 PM.514;--------------------\r\n;received
4:01:11 PM.523;Distance: 30 cm\r\n;received
4:01:11 PM.538;LED1 (Green 1): OFF\r\n;received
4:01:11 PM.570;LED2 (Green 2): OFF\r\n;received
4:01:11 PM.586;LED3 (Yellow): ON\r\n;received
4:01:11 PM.602;LED4 (Red 1): OFF\r\n;received
4:01:11 PM.617;LED5 (Red 2): OFF\r\n;received
4:01:11 PM.650;--------------------\r\n;received
4:01:12 PM.658;Distance: 0 cm\r\n;received
4:01:12 PM.674;LED1 (Green 1): OFF\r\n;received
4:01:12 PM.706;LED2 (Green 2): OFF\r\n;received
4:01:12 PM.722;LED3 (Yellow): OFF\r\n;received
4:01:12 PM.738;LED4 (Red 1): OFF\r\n;received
4:01:12 PM.753;LED5 (Red 2): ON\r\n;received
4:01:12 PM.786;--------------------\r\n;received
4:01:13 PM.794;Distance: 0 cm\r\n;received
4:01:13 PM.825;LED1 (Green 1): OFF\r\n;received
4:01:13 PM.842;LED2 (Green 2): OFF\r\n;received
4:01:13 PM.858;LED3 (Yellow): OFF\r\n;received
4:01:13 PM.874;LED4 (Red 1): OFF\r\n;received
4:01:13 PM.906;LED5 (Red 2): ON\r\n;received
4:01:13 PM.922;--------------------\r\n;received
4:01:14 PM.931;Distance: 0 cm\r\n;received
4:01:14 PM.962;LED1 (Green 1): OFF\r\n;received
4:01:14 PM.977;LED2 (Green 2): OFF\r\n;received
4:01:14 PM.994;LED3 (Yellow): OFF\r\n;received
4:01:15 PM.26;LED4 (Red 1): OFF\r\n;received
4:01:15 PM.42;LED5 (Red 2): ON\r\n;received
4:01:15 PM.58;--------------------\r\n;received
4:01:16 PM.66;Distance: 44 cm\r\n;received
4:01:16 PM.82;LED1 (Green 1): ON\r\n;received
4:01:16 PM.114;LED2 (Green 2): OFF\r\n;received
4:01:16 PM.131;LED3 (Yellow): OFF\r\n;received
4:01:16 PM.145;LED4 (Red 1): OFF\r\n;received
4:01:16 PM.162;LED5 (Red 2): OFF\r\n;received
4:01:16 PM.194;--------------------\r\n;received
4:01:17 PM.202;Distance: 0 cm\r\n;received
4:01:17 PM.218;LED1 (Green 1): OFF\r\n;received
4:01:17 PM.249;LED2 (Green 2): OFF\r\n;received
4:01:17 PM.266;LED3 (Yellow): OFF\r\n;received
4:01:17 PM.282;LED4 (Red 1): OFF\r\n;received
4:01:17 PM.314;LED5 (Red 2): ON\r\n;received
4:01:17 PM.329;--------------------\r\n;received
4:01:18 PM.338;Distance: 0 cm\r\n;received
4:01:18 PM.370;LED1 (Green 1): OFF\r\n;received
4:01:18 PM.386;LED2 (Green 2): OFF\r\n;received
4:01:18 PM.401;LED3 (Yellow): OFF\r\n;received
4:01:18 PM.418;LED4 (Red 1): OFF\r\n;received
4:01:18 PM.450;LED5 (Red 2): ON\r\n;received
4:01:18 PM.466;--------------------\r\n;received
4:01:19 PM.474;Distance: 0 cm\r\n;received
4:01:19 PM.506;LED1 (Green 1): OFF\r\n;received
4:01:19 PM.522;LED2 (Green 2): OFF\r\n;received
4:01:19 PM.538;LED3 (Yellow): OFF\r\n;received
4:01:19 PM.570;LED4 (Red 1): OFF\r\n;received
4:01:19 PM.586;LED5 (Red 2): ON\r\n;received
4:01:19 PM.602;--------------------\r\n;received
4:02:20 PM.789;Di-----------------\r\n;received
4:02:22 PM.501;Distance: 15 cm\r\n;received
4:02:22 PM.533;LED1 (Green 1): OFF\r\n;received
4:02:22 PM.549;LED2 (Green 2): OFF\r\n;received
4:02:22 PM.565;LED3 (Yellow): OFF\r\n;received
4:02:22 PM.580;LED4 (Red 1): ON\r\n;received
4:02:22 PM.613;LED5 (Red 2): OFF\r\n;received
4:02:22 PM.629;--------------------\r\n;received
4:02:23 PM.637;Distance: 0 cm\r\n;received
4:02:23 PM.670;LED1 (Green 1): OFF\r\n;received
4:02:23 PM.685;LED2 (Green 2): OFF\r\n;received
4:02:23 PM.701;LED3 (Yellow): OFF\r\n;received
4:02:23 PM.733;LED4 (Red 1): OFF\r\n;received
4:02:23 PM.749;LED5 (Red 2): ON\r\n;received
4:02:23 PM.765;--------------------\r\n;received
4:02:24 PM.773;Distance: 16 cm\r\n;received
4:02:24 PM.790;LED1 (Green 1): OFF\r\n;received
4:02:24 PM.821;LED2 (Green 2): OFF\r\n;received
4:02:24 PM.837;LED3 (Yellow): OFF\r\n;received
4:02:24 PM.853;LED4 (Red 1): ON\r\n;received
4:02:24 PM.869;LED5 (Red 2): OFF\r\n;received
4:02:24 PM.901;--------------------\r\n;received
4:02:25 PM.893;Distance: 17 cm\r\n;received
4:02:25 PM.925;LED1 (Green 1): OFF\r\n;received
4:02:25 PM.941;LED2 (Green 2): OFF\r\n;received
4:02:25 PM.957;LED3 (Yellow): OFF\r\n;received
4:02:25 PM.989;LED4 (Red 1): ON\r\n;received
4:02:26 PM.5;LED5 (Red 2): OFF\r\n;received
4:02:26 PM.21;--------------------\r\n;received
4:02:27 PM.30;Distance: 11 cm\r\n;received
4:02:27 PM.46;LED1 (Green 1): OFF\r\n;received
4:02:27 PM.77;LED2 (Green 2): OFF\r\n;received
4:02:27 PM.93;LED3 (Yellow): OFF\r\n;received
4:02:27 PM.108;LED4 (Red 1): ON\r\n;received
4:02:27 PM.125;LED5 (Red 2): OFF\r\n;received
4:02:27 PM.157;--------------------\r\n;received
4:02:28 PM.149;Distance: 19 cm\r\n;received
4:02:28 PM.181;LED1 (Green 1): OFF\r\n;received
4:02:28 PM.197;LED2 (Green 2): OFF\r\n;received
4:02:28 PM.213;LED3 (Yellow): OFF\r\n;received
4:02:28 PM.244;LED4 (Red 1): ON\r\n;received
4:02:28 PM.261;LED5 (Red 2): OFF\r\n;received
4:02:28 PM.277;--------------------\r\n;received
4:02:29 PM.286;Distance: 0 cm\r\n;received
4:02:29 PM.317;LED1 (Green 1): OFF\r\n;received
4:02:29 PM.333;LED2 (Green 2): OFF\r\n;received
4:02:29 PM.349;LED3 (Yellow): OFF\r\n;received
4:02:29 PM.381;LED4 (Red 1): OFF\r\n;received
4:02:29 PM.397;LED5 (Red 2): ON\r\n;received
4:02:29 PM.413;--------------------\r\n;received
4:02:30 PM.424;Distance: 16 cm\r\n;received
4:02:30 PM.437;LED1 (Green 1): OFF\r\n;received
4:02:30 PM.469;LED2 (Green 2): OFF\r\n;received
4:02:30 PM.485;LED3 (Yellow): OFF\r\n;received
4:02:30 PM.501;LED4 (Red 1): ON\r\n;received
4:02:30 PM.517;LED5 (Red 2): OFF\r\n;received
4:02:30 PM.548;--------------------\r\n;received
4:02:31 PM.541;Distance: 19 cm\r\n;received
4:02:31 PM.573;LED1 (Green 1): OFF\r\n;received
4:02:31 PM.589;LED2 (Green 2): OFF\r\n;received
4:02:31 PM.621;LED3 (Yellow): OFF\r\n;received
4:02:31 PM.637;LED4 (Red 1): ON\r\n;received
4:02:31 PM.653;LED5 (Red 2): OFF\r\n;received
4:02:31 PM.669;--------------------\r\n;received
4:02:32 PM.677;Distance: 20 cm\r\n;received
4:02:32 PM.693;LED1 (Green 1): OFF\r\n;received
4:02:32 PM.724;LED2 (Green 2): OFF\r\n;received
4:02:32 PM.741;LED3 (Yellow): OFF\r\n;received
4:02:32 PM.756;LED4 (Red 1): ON\r\n;received
4:02:32 PM.789;LED5 (Red 2): OFF\r\n;received
4:02:32 PM.805;--------------------\r\n;received
4:02:33 PM.814;Distance: 23 cm\r\n;received
4:02:33 PM.830;LED1 (Green 1): OFF\r\n;received
4:02:33 PM.846;LED2 (Green 2): OFF\r\n;received
4:02:33 PM.877;LED3 (Yellow): ON\r\n;received
4:02:33 PM.893;LED4 (Red 1): OFF\r\n;received
4:02:33 PM.909;LED5 (Red 2): OFF\r\n;received
4:02:33 PM.925;--------------------\r\n;received
4:02:34 PM.934;Distance: 28 cm\r\n;received
4:02:34 PM.965;LED1 (Green 1): OFF\r\n;received
4:02:34 PM.981;LED2 (Green 2): OFF\r\n;received
4:02:34 PM.997;LED3 (Yellow): ON\r\n;received
4:02:35 PM.13;LED4 (Red 1): OFF\r\n;received
4:02:35 PM.45;LED5 (Red 2): OFF\r\n;received
4:02:35 PM.61;--------------------\r\n;received
4:02:36 PM.70;Distance: 0 cm\r\n;received
4:02:36 PM.102;LED1 (Green 1): OFF\r\n;received
4:02:36 PM.117;LED2 (Green 2): OFF\r\n;received
4:02:36 PM.133;LED3 (Yellow): OFF\r\n;received
4:02:36 PM.165;LED4 (Red 1): OFF\r\n;received
4:02:36 PM.181;LED5 (Red 2): ON\r\n;received
4:02:36 PM.197;--------------------\r\n;received
4:02:37 PM.205;Distance: 33 cm\r\n;received
4:02:37 PM.221;LED1 (Green 1): OFF\r\n;received
4:02:37 PM.237;LED2 (Green 2): ON\r\n;received
4:02:37 PM.269;LED3 (Yellow): OFF\r\n;received
4:02:37 PM.285;LED4 (Red 1): OFF\r\n;received
4:02:37 PM.301;LED5 (Red 2): OFF\r\n;received
4:02:37 PM.333;--------------------\r\n;received
4:02:38 PM.341;Distance: 33 cm\r\n;received
4:02:38 PM.358;LED1 (Green 1): OFF\r\n;received
4:02:38 PM.373;LED2 (Green 2): ON\r\n;received
4:02:38 PM.389;LED3 (Yellow): OFF\r\n;received
4:02:38 PM.421;LED4 (Red 1): OFF\r\n;received
4:02:38 PM.437;LED5 (Red 2): OFF\r\n;received
4:02:38 PM.469;--------------------\r\n;received
4:02:39 PM.477;Distance: 0 cm\r\n;received
4:02:39 PM.494;LED1 (Green 1): OFF\r\n;received
4:02:39 PM.509;LED2 (Green 2): OFF\r\n;received
4:02:39 PM.541;LED3 (Yellow): OFF\r\n;received
4:02:39 PM.558;LED4 (Red 1): OFF\r\n;received
4:02:39 PM.574;LED5 (Red 2): ON\r\n;received
4:02:39 PM.588;--------------------\r\n;received
4:02:40 PM.597;Distance: 40 cm\r\n;received
4:02:40 PM.629;LED1 (Green 1): OFF\r\n;received
4:02:40 PM.645;LED2 (Green 2): ON\r\n;received
4:02:40 PM.662;LED3 (Yellow): OFF\r\n;received
4:02:40 PM.693;LED4 (Red 1): OFF\r\n;received
4:02:40 PM.709;LED5 (Red 2): OFF\r\n;received
4:02:40 PM.725;--------------------\r\n;received
4:02:41 PM.734;Distance: 0 cm\r\n;received
4:02:41 PM.765;LED1 (Green 1): OFF\r\n;received
4:02:41 PM.782;LED2 (Green 2): OFF\r\n;received
4:02:41 PM.797;LED3 (Yellow): OFF\r\n;received
4:02:41 PM.829;LED4 (Red 1): OFF\r\n;received
4:02:41 PM.845;LED5 (Red 2): ON\r\n;received
4:02:41 PM.861;--------------------\r\n;received
4:02:42 PM.869;Distance: 0 cm\r\n;received
4:02:42 PM.902;LED1 (Green 1): OFF\r\n;received
4:02:42 PM.918;LED2 (Green 2): OFF\r\n;received
4:02:42 PM.949;LED3 (Yellow): OFF\r\n;received
4:02:42 PM.965;LED4 (Red 1): OFF\r\n;received
4:02:42 PM.981;LED5 (Red 2): ON\r\n;received
4:02:42 PM.997;--------------------\r\n;received
4:02:44 PM.21;Distance: 0 cm\r\n;received
4:02:44 PM.37;LED1 (Green 1): OFF\r\n;received
4:02:44 PM.70;LED2 (Green 2): OFF\r\n;received
4:02:44 PM.85;LED3 (Yellow): OFF\r\n;received
4:02:44 PM.101;LED4 (Red 1): OFF\r\n;received
4:02:44 PM.118;LED5 (Red 2): ON\r\n;received
4:02:44 PM.150;--------------------\r\n;received
4:02:45 PM.157;Distance: 0 cm\r\n;received
4:02:45 PM.174;LED1 (Green 1): OFF\r\n;received
4:02:45 PM.205;LED2 (Green 2): OFF\r\n;received
4:02:45 PM.222;LED3 (Yellow): OFF\r\n;received
4:02:45 PM.237;LED4 (Red 1): OFF\r\n;received
4:02:45 PM.253;LED5 (Red 2): ON\r\n;received
4:02:45 PM.285;--------------------\r\n;received
4:02:46 PM.293;Distance: 0 cm\r\n;received
4:02:46 PM.310;LED1 (Green 1): OFF\r\n;received
4:02:46 PM.341;LED2 (Green 2): OFF\r\n;received
4:02:46 PM.358;LED3 (Yellow): OFF\r\n;received
4:02:46 PM.373;LED4 (Red 1): OFF\r\n;received
4:02:46 PM.389;LED5 (Red 2): ON\r\n;received
4:02:46 PM.421;--------------------\r\n;received
4:02:47 PM.430;Distance: 0 cm\r\n;received
4:02:47 PM.446;LED1 (Green 1): OFF\r\n;received
4:02:47 PM.477;LED2 (Green 2): OFF\r\n;received
4:02:47 PM.493;LED3 (Yellow): OFF\r\n;received
4:02:47 PM.510;LED4 (Red 1): OFF\r\n;received
4:02:47 PM.541;LED5 (Red 2): ON\r\n;received
4:02:47 PM.558;--------------------\r\n;received
4:02:48 PM.565;Distance: 0 cm\r\n;received
4:02:48 PM.598;LED1 (Green 1): OFF\r\n;received
4:02:48 PM.614;LED2 (Green 2): OFF\r\n;received
4:02:48 PM.629;LED3 (Yellow): OFF\r\n;received
4:02:48 PM.646;LED4 (Red 1): OFF\r\n;received
4:02:48 PM.677;LED5 (Red 2): ON\r\n;received
4:02:48 PM.694;--------------------\r\n;received
4:02:49 PM.701;Distance: 0 cm\r\n;received
4:02:49 PM.734;LED1 (Green 1): OFF\r\n;received
4:02:49 PM.749;LED2 (Green 2): OFF\r\n;received
4:02:49 PM.765;LED3 (Yellow): OFF\r\n;received
4:02:49 PM.797;LED4 (Red 1): OFF\r\n;received
4:02:49 PM.813;LED5 (Red 2): ON\r\n;received
4:02:49 PM.830;--------------------\r\n;received
4:02:50 PM.838;Distance: 0 cm\r\n;received
4:02:50 PM.870;LED1 (Green 1): OFF\r\n;received
4:02:50 PM.885;LED2 (Green 2): OFF\r\n;received
4:02:50 PM.901;LED3 (Yellow): OFF\r\n;received
4:02:50 PM.933;LED4 (Red 1): OFF\r\n;received
4:02:50 PM.949;LED5 (Red 2): ON\r\n;received
4:02:50 PM.965;--------------------\r\n;received
4:02:51 PM.989;Distance: 0 cm\r\n;received
4:02:52 PM.5;LED1 (Green 1): OFF\r\n;received
4:02:52 PM.21;LED2 (Green 2): OFF\r\n;received
4:02:52 PM.54;LED3 (Yellow): OFF\r\n;received
4:02:52 PM.70;LED4 (Red 1): OFF\r\n;received
4:02:52 PM.85;LED5 (Red 2): ON\r\n;received
4:02:52 PM.101;--------------------\r\n;received
4:02:53 PM.125;Distance: 0 cm\r\n;received
4:02:53 PM.141;LED1 (Green 1): OFF\r\n;received
4:02:53 PM.173;LED2 (Green 2): OFF\r\n;received
4:02:53 PM.190;LED3 (Yellow): OFF\r\n;received
4:02:53 PM.205;LED4 (Red 1): OFF\r\n;received
4:02:53 PM.221;LED5 (Red 2): ON\r\n;received
4:02:53 PM.254;--------------------\r\n;received
4:02:54 PM.261;Distance: 0 cm\r\n;received
4:02:54 PM.278;LED1 (Green 1): OFF\r\n;received
4:02:54 PM.293;LED2 (Green 2): OFF\r\n;received
4:02:54 PM.325;LED3 (Yellow): OFF\r\n;received
4:02:54 PM.341;LED4 (Red 1): OFF\r\n;received
4:02:54 PM.357;LED5 (Red 2): ON\r\n;received
4:02:54 PM.390;--------------------\r\n;received
4:02:55 PM.398;Distance: 0 cm\r\n;received
4:02:55 PM.413;LED1 (Green 1): OFF\r\n;received
4:02:55 PM.446;LED2 (Green 2): OFF\r\n;received
4:02:55 PM.461;LED3 (Yellow): OFF\r\n;received
4:02:55 PM.478;LED4 (Red 1): OFF\r\n;received
4:02:55 PM.494;LED5 (Red 2): ON\r\n;received
4:02:55 PM.525;--------------------\r\n;received
4:02:56 PM.533;Distance: 0 cm\r\n;received
4:02:56 PM.549;LED1 (Green 1): OFF\r\n;received
4:02:56 PM.581;LED2 (Green 2): OFF\r\n;received
4:02:56 PM.598;LED3 (Yellow): OFF\r\n;received
4:02:56 PM.614;LED4 (Red 1): OFF\r\n;received
4:02:56 PM.645;LED5 (Red 2): ON\r\n;received
4:02:56 PM.662;--------------------\r\n;received
4:02:57 PM.670;Distance: 0 cm\r\n;received
4:02:57 PM.702;LED1 (Green 1): OFF\r\n;received
4:02:57 PM.717;LED2 (Green 2): OFF\r\n;received
4:02:57 PM.733;LED3 (Yellow): OFF\r\n;received
4:02:57 PM.749;LED4 (Red 1): OFF\r\n;received
4:02:57 PM.765;LED5 (Red 2): ON\r\n;received
4:02:57 PM.797;--------------------\r\n;received
4:02:58 PM.806;Distance: 0 cm\r\n;received
4:02:58 PM.838;LED1 (Green 1): OFF\r\n;received
4:02:58 PM.854;LED2 (Green 2): OFF\r\n;received
4:02:58 PM.870;LED3 (Yellow): OFF\r\n;received
4:02:58 PM.901;LED4 (Red 1): OFF\r\n;received
4:02:58 PM.918;LED5 (Red 2): ON\r\n;received
4:02:58 PM.933;--------------------\r\n;received
4:02:59 PM.941;Distance: 0 cm\r\n;received
4:02:59 PM.974;LED1 (Green 1): OFF\r\n;received
4:02:59 PM.990;LED2 (Green 2): OFF\r\n;received
4:03:00 PM.22;LED3 (Yellow): OFF\r\n;received
4:03:00 PM.37;LED4 (Red 1): OFF\r\n;received
4:03:00 PM.54;LED5 (Red 2): ON\r\n;received
4:03:00 PM.70;--------------------\r\n;received
4:03:01 PM.93;Distance: 0 cm\r\n;received
4:03:01 PM.109;LED1 (Green 1): OFF\r\n;received
4:03:01 PM.126;LED2 (Green 2): OFF\r\n;received
4:03:01 PM.157;LED3 (Yellow): OFF\r\n;received
4:03:01 PM.174;LED4 (Red 1): OFF\r\n;received
4:03:01 PM.190;LED5 (Red 2): ON\r\n;received
4:03:01 PM.221;--------------------\r\n;received
4:03:02 PM.214;Distance: 45 cm\r\n;received
4:03:02 PM.246;LED1 (Green 1): ON\r\n;received
4:03:02 PM.261;LED2 (Green 2): OFF\r\n;received
4:03:02 PM.278;LED3 (Yellow): OFF\r\n;received
4:03:02 PM.294;LED4 (Red 1): OFF\r\n;received
4:03:02 PM.326;LED5 (Red 2): OFF\r\n;received
4:03:02 PM.342;--------------------\r\n;received
4:03:03 PM.349;Distance: 0 cm\r\n;received
4:03:03 PM.381;LED1 (Green 1): OFF\r\n;received
4:03:03 PM.398;LED2 (Green 2): OFF\r\n;received
4:03:03 PM.414;LED3 (Yellow): OFF\r\n;received
4:03:03 PM.446;LED4 (Red 1): OFF\r\n;received
4:03:03 PM.462;LED5 (Red 2): ON\r\n;received
4:03:03 PM.478;--------------------\r\n;received
4:03:04 PM.486;Distance: 45 cm\r\n;received
4:03:04 PM.502;LED1 (Green 1): ON\r\n;received
4:03:04 PM.534;LED2 (Green 2): OFF\r\n;received
4:03:04 PM.549;LED3 (Yellow): OFF\r\n;received
4:03:04 PM.565;LED4 (Red 1): OFF\r\n;received
4:03:04 PM.581;LED5 (Red 2): OFF\r\n;received
4:03:04 PM.613;--------------------\r\n;received
4:03:05 PM.621;Distance: 46 cm\r\n;received
4:03:05 PM.637;LED1 (Green 1): ON\r\n;received
4:03:05 PM.654;LED2 (Green 2): OFF\r\n;received
4:03:05 PM.686;LED3 (Yellow): OFF\r\n;received
4:03:05 PM.702;LED4 (Red 1): OFF\r\n;received
4:03:05 PM.718;LED5 (Red 2): OFF\r\n;received
4:03:05 PM.734;--------------------\r\n;received
4:03:06 PM.758;Distance: 0 cm\r\n;received
4:03:06 PM.774;LED1 (Green 1): OFF\r\n;received
4:03:06 PM.790;LED2 (Green 2): OFF\r\n;received
4:03:06 PM.821;LED3 (Yellow): OFF\r\n;received
4:03:06 PM.838;LED4 (Red 1): OFF\r\n;received
4:03:06 PM.853;LED5 (Red 2): ON\r\n;received
4:03:06 PM.885;--------------------\r\n;received
4:03:07 PM.894;Distance: 0 cm\r\n;received
4:03:07 PM.909;LED1 (Green 1): OFF\r\n;received
4:03:07 PM.941;LED2 (Green 2): OFF\r\n;received
4:03:07 PM.958;LED3 (Yellow): OFF\r\n;received
4:03:07 PM.974;LED4 (Red 1): OFF\r\n;received
4:03:07 PM.989;LED5 (Red 2): ON\r\n;received
4:03:08 PM.22;--------------------\r\n;received
4:03:09 PM.29;Distance: 0 cm\r\n;received
4:03:09 PM.45;LED1 (Green 1): OFF\r\n;received
4:03:09 PM.78;LED2 (Green 2): OFF\r\n;received
4:03:09 PM.94;LED3 (Yellow): OFF\r\n;received
4:03:09 PM.110;LED4 (Red 1): OFF\r\n;received
4:03:09 PM.126;LED5 (Red 2): ON\r\n;received
4:03:09 PM.157;--------------------\r\n;received
4:03:10 PM.165;Distance: 0 cm\r\n;received
4:03:10 PM.182;LED1 (Green 1): OFF\r\n;received
4:03:10 PM.214;LED2 (Green 2): OFF\r\n;received
4:03:10 PM.229;LED3 (Yellow): OFF\r\n;received
4:03:10 PM.246;LED4 (Red 1): OFF\r\n;received
4:03:10 PM.278;LED5 (Red 2): ON\r\n;received
4:03:10 PM.294;--------------------\r\n;received
4:03:11 PM.302;Distance: 0 cm\r\n;received
4:03:11 PM.334;LED1 (Green 1): OFF\r\n;received
4:03:11 PM.349;LED2 (Green 2): OFF\r\n;received
4:03:11 PM.365;LED3 (Yellow): OFF\r\n;received
4:03:11 PM.382;LED4 (Red 1): OFF\r\n;received
4:03:11 PM.414;LED5 (Red 2): ON\r\n;received
4:03:11 PM.430;--------------------\r\n;received
4:03:12 PM.438;Distance: 0 cm\r\n;received
4:03:12 PM.469;LED1 (Green 1): OFF\r\n;received
4:03:12 PM.486;LED2 (Green 2): OFF\r\n;received
4:03:12 PM.502;LED3 (Yellow): OFF\r\n;received
4:03:12 PM.534;LED4 (Red 1): OFF\r\n;received
4:03:12 PM.550;LED5 (Red 2): ON\r\n;received
4:03:12 PM.565;--------------------\r\n;received
4:03:13 PM.574;Distance: 0 cm\r\n;received
4:03:13 PM.606;LED1 (Green 1): OFF\r\n;received
4:03:13 PM.621;LED2 (Green 2): OFF\r\n;received
4:03:13 PM.637;LED3 (Yellow): OFF\r\n;received
4:03:13 PM.670;LED4 (Red 1): OFF\r\n;received
4:03:13 PM.686;LED5 (Red 2): ON\r\n;received
4:03:13 PM.702;--------------------\r\n;received
4:03:14 PM.710;Distance: 21 cm\r\n;received
4:03:14 PM.726;LED1 (Green 1): OFF\r\n;received
4:03:14 PM.758;LED2 (Green 2): OFF\r\n;received
4:03:14 PM.773;LED3 (Yellow): ON\r\n;received
4:03:14 PM.789;LED4 (Red 1): OFF\r\n;received
4:03:14 PM.806;LED5 (Red 2): OFF\r\n;received
4:03:14 PM.837;--------------------\r\n;received
4:03:15 PM.846;Distance: 21 cm\r\n;received
4:03:15 PM.861;LED1 (Green 1): OFF\r\n;received
4:03:15 PM.877;LED2 (Green 2): OFF\r\n;received
4:03:15 PM.894;LED3 (Yellow): ON\r\n;received
4:03:15 PM.926;LED4 (Red 1): OFF\r\n;received
4:03:15 PM.942;LED5 (Red 2): OFF\r\n;received
4:03:15 PM.957;--------------------\r\n;received
4:03:16 PM.966;Distance: 19 cm\r\n;received
4:03:16 PM.998;LED1 (Green 1): OFF\r\n;received
4:03:17 PM.14;LED2 (Green 2): OFF\r\n;received
4:03:17 PM.30;LED3 (Yellow): OFF\r\n;received
4:03:17 PM.46;LED4 (Red 1): ON\r\n;received
4:03:17 PM.61;LED5 (Red 2): OFF\r\n;received
4:03:17 PM.94;--------------------\r\n;received
4:03:18 PM.101;Distance: 11 cm\r\n;received
4:03:18 PM.118;LED1 (Green 1): OFF\r\n;received
4:03:18 PM.133;LED2 (Green 2): OFF\r\n;received
4:03:18 PM.166;LED3 (Yellow): OFF\r\n;received
4:03:18 PM.181;LED4 (Red 1): ON\r\n;received
4:03:18 PM.198;LED5 (Red 2): OFF\r\n;received
4:03:18 PM.214;--------------------\r\n;received
4:03:19 PM.222;Distance: 14 cm\r\n;received
4:03:19 PM.255;LED1 (Green 1): OFF\r\n;received
4:03:19 PM.269;LED2 (Green 2): OFF\r\n;received
4:03:19 PM.285;LED3 (Yellow): OFF\r\n;received
4:03:19 PM.301;LED4 (Red 1): ON\r\n;received
4:03:19 PM.318;LED5 (Red 2): OFF\r\n;received
4:03:19 PM.350;--------------------\r\n;received
4:03:20 PM.358;Distance: 18 cm\r\n;received
4:03:20 PM.374;LED1 (Green 1): OFF\r\n;received
4:03:20 PM.389;LED2 (Green 2): OFF\r\n;received
4:03:20 PM.422;LED3 (Yellow): OFF\r\n;received
4:03:20 PM.438;LED4 (Red 1): ON\r\n;received
4:03:20 PM.454;LED5 (Red 2): OFF\r\n;received
4:03:20 PM.485;--------------------\r\n;received
4:03:21 PM.494;Distance: 0 cm\r\n;received
4:03:21 PM.509;LED1 (Green 1): OFF\r\n;received
4:03:21 PM.525;LED2 (Green 2): OFF\r\n;received
4:03:21 PM.558;LED3 (Yellow): OFF\r\n;received
4:03:21 PM.574;LED4 (Red 1): OFF\r\n;received
4:03:21 PM.590;LED5 (Red 2): ON\r\n;received
4:03:21 PM.622;--------------------\r\n;received
4:03:22 PM.614;Distance: 18 cm\r\n;received
4:03:22 PM.646;LED1 (Green 1): OFF\r\n;received
4:03:22 PM.662;LED2 (Green 2): OFF\r\n;received
4:03:22 PM.678;LED3 (Yellow): OFF\r\n;received
4:03:22 PM.709;LED4 (Red 1): ON\r\n;received
4:03:22 PM.725;LED5 (Red 2): OFF\r\n;received
4:03:22 PM.742;--------------------\r\n;received
4:03:23 PM.749;Distance: 21 cm\r\n;received
4:03:23 PM.766;LED1 (Green 1): OFF\r\n;received
4:03:23 PM.798;LED2 (Green 2): OFF\r\n;received
4:03:23 PM.814;LED3 (Yellow): ON\r\n;received
4:03:23 PM.830;LED4 (Red 1): OFF\r\n;received
4:03:23 PM.846;LED5 (Red 2): OFF\r\n;received
4:03:23 PM.878;--------------------\r\n;received
4:03:24 PM.869;Distance: 14 cm\r\n;received
4:03:24 PM.901;LED1 (Green 1): OFF\r\n;received
4:03:24 PM.917;LED2 (Green 2): OFF\r\n;received
4:03:24 PM.933;LED3 (Yellow): OFF\r\n;received
4:03:24 PM.966;LED4 (Red 1): ON\r\n;received
4:03:24 PM.982;LED5 (Red 2): OFF\r\n;received
4:03:24 PM.998;--------------------\r\n;received
4:03:26 PM.6;Distance: 11 cm\r\n;received
4:03:26 PM.21;LED1 (Green 1): OFF\r\n;received
4:03:26 PM.54;LED2 (Green 2): OFF\r\n;received
4:03:26 PM.70;LED3 (Yellow): OFF\r\n;received
4:03:26 PM.86;LED4 (Red 1): ON\r\n;received
4:03:26 PM.102;LED5 (Red 2): OFF\r\n;received
4:03:26 PM.134;--------------------\r\n;received
4:03:27 PM.142;Distance: 0 cm\r\n;received
4:03:27 PM.157;LED1 (Green 1): OFF\r\n;received
4:03:27 PM.189;LED2 (Green 2): OFF\r\n;received
4:03:27 PM.206;LED3 (Yellow): OFF\r\n;received
4:03:27 PM.222;LED4 (Red 1): OFF\r\n;received
4:03:27 PM.254;LED5 (Red 2): ON\r\n;received
4:03:27 PM.270;--------------------\r\n;received
4:03:28 PM.278;Distance: 23 cm\r\n;received
4:03:28 PM.294;LED1 (Green 1): OFF\r\n;received
4:03:28 PM.310;LED2 (Green 2): OFF\r\n;received
4:03:28 PM.341;LED3 (Yellow): ON\r\n;received
4:03:28 PM.358;LED4 (Red 1): OFF\r\n;received
4:03:28 PM.373;LED5 (Red 2): OFF\r\n;received
4:03:28 PM.390;--------------------\r\n;received
4:03:29 PM.414;Distance: 0 cm\r\n;received
4:03:29 PM.430;LED1 (Green 1): OFF\r\n;received
4:03:29 PM.461;LED2 (Green 2): OFF\r\n;received
4:03:29 PM.478;LED3 (Yellow): OFF\r\n;received
4:03:29 PM.494;LED4 (Red 1): OFF\r\n;received
4:03:29 PM.510;LED5 (Red 2): ON\r\n;received
4:03:29 PM.542;--------------------\r\n;received
4:03:30 PM.550;Distance: 0 cm\r\n;received
4:03:30 PM.566;LED1 (Green 1): OFF\r\n;received
4:03:30 PM.598;LED2 (Green 2): OFF\r\n;received
4:03:30 PM.614;LED3 (Yellow): OFF\r\n;received
4:03:30 PM.630;LED4 (Red 1): OFF\r\n;received
4:03:30 PM.646;LED5 (Red 2): ON\r\n;received
4:03:30 PM.678;--------------------\r\n;received
4:03:31 PM.685;Distance: 0 cm\r\n;received
4:03:31 PM.702;LED1 (Green 1): OFF\r\n;received
4:03:31 PM.734;LED2 (Green 2): OFF\r\n;received
4:03:31 PM.750;LED3 (Yellow): OFF\r\n;received
4:03:31 PM.766;LED4 (Red 1): OFF\r\n;received
4:03:31 PM.781;LED5 (Red 2): ON\r\n;received
4:03:31 PM.814;--------------------\r\n;received
4:03:32 PM.822;Distance: 0 cm\r\n;received
4:03:32 PM.838;LED1 (Green 1): OFF\r\n;received
4:03:32 PM.870;LED2 (Green 2): OFF\r\n;received
4:03:32 PM.886;LED3 (Yellow): OFF\r\n;received
4:03:32 PM.902;LED4 (Red 1): OFF\r\n;received
4:03:32 PM.934;LED5 (Red 2): ON\r\n;received
4:03:32 PM.950;--------------------\r\n;received
4:03:33 PM.957;Distance: 0 cm\r\n;received
4:03:33 PM.990;LED1 (Green 1): OFF\r\n;received
4:03:34 PM.5;LED2 (Green 2): OFF\r\n;received
4:03:34 PM.22;LED3 (Yellow): OFF\r\n;received
4:03:34 PM.38;LED4 (Red 1): OFF\r\n;received
4:03:34 PM.70;LED5 (Red 2): ON\r\n;received
4:03:34 PM.86;--------------------\r\n;received
4:03:35 PM.93;Distance: 0 cm\r\n;received
4:03:35 PM.126;LED1 (Green 1): OFF\r\n;received
4:03:35 PM.141;LED2 (Green 2): OFF\r\n;received
4:03:35 PM.157;LED3 (Yellow): OFF\r\n;received
4:03:35 PM.190;LED4 (Red 1): OFF\r\n;received
4:03:35 PM.205;LED5 (Red 2): ON\r\n;received
4:03:35 PM.221;--------------------\r\n;received
4:03:36 PM.229;Distance: 0 cm\r\n;received
4:03:36 PM.262;LED1 (Green 1): OFF\r\n;received
4:03:36 PM.278;LED2 (Green 2): OFF\r\n;received
4:03:36 PM.309;LED3 (Yellow): OFF\r\n;received
4:03:36 PM.326;LED4 (Red 1): OFF\r\n;received
4:03:36 PM.342;LED5 (Red 2): ON\r\n;received
4:03:36 PM.358;--------------------\r\n;received
4:03:37 PM.366;Distance: 40 cm\r\n;received
4:03:37 PM.382;LED1 (Green 1): OFF\r\n;received
4:03:37 PM.413;LED2 (Green 2): ON\r\n;received
4:03:37 PM.429;LED3 (Yellow): OFF\r\n;received
4:03:37 PM.446;LED4 (Red 1): OFF\r\n;received
4:03:37 PM.462;LED5 (Red 2): OFF\r\n;received
4:03:37 PM.494;--------------------\r\n;received
4:03:38 PM.502;Distance: 40 cm\r\n;received
4:03:38 PM.518;LED1 (Green 1): OFF\r\n;received
4:03:38 PM.534;LED2 (Green 2): ON\r\n;received
4:03:38 PM.566;LED3 (Yellow): OFF\r\n;received
4:03:38 PM.582;LED4 (Red 1): OFF\r\n;received
4:03:38 PM.598;LED5 (Red 2): OFF\r\n;received
4:03:38 PM.629;--------------------\r\n;received
4:03:39 PM.638;Distance: 0 cm\r\n;received
4:03:39 PM.654;LED1 (Green 1): OFF\r\n;received
4:03:39 PM.686;LED2 (Green 2): OFF\r\n;received
4:03:39 PM.702;LED3 (Yellow): OFF\r\n;received
4:03:39 PM.718;LED4 (Red 1): OFF\r\n;received
4:03:39 PM.734;LED5 (Red 2): ON\r\n;received
4:03:39 PM.766;--------------------\r\n;received
4:03:40 PM.774;Distance: 0 cm\r\n;received
4:03:40 PM.790;LED1 (Green 1): OFF\r\n;received
4:03:40 PM.823;LED2 (Green 2): OFF\r\n;received
4:03:40 PM.838;LED3 (Yellow): OFF\r\n;received
4:03:40 PM.853;LED4 (Red 1): OFF\r\n;received
4:03:40 PM.870;LED5 (Red 2): ON\r\n;received
4:03:40 PM.902;--------------------\r\n;received
4:03:41 PM.910;Distance: 0 cm\r\n;received
4:03:41 PM.942;LED1 (Green 1): OFF\r\n;received
4:03:41 PM.958;LED2 (Green 2): OFF\r\n;received
4:03:41 PM.973;LED3 (Yellow): OFF\r\n;received
4:03:41 PM.990;LED4 (Red 1): OFF\r\n;received
4:03:42 PM.22;LED5 (Red 2): ON\r\n;received
4:03:42 PM.37;--------------------\r\n;received
4:03:43 PM.46;Distance: 0 cm\r\n;received
4:03:43 PM.77;LED1 (Green 1): OFF\r\n;received
4:03:43 PM.94;LED2 (Green 2): OFF\r\n;received
4:03:43 PM.109;LED3 (Yellow): OFF\r\n;received
4:03:43 PM.142;LED4 (Red 1): OFF\r\n;received
4:03:43 PM.157;LED5 (Red 2): ON\r\n;received
4:03:43 PM.174;--------------------\r\n;received
4:03:44 PM.182;Distance: 0 cm\r\n;received
4:03:44 PM.214;LED1 (Green 1): OFF\r\n;received
4:03:44 PM.230;LED2 (Green 2): OFF\r\n;received
4:03:44 PM.246;LED3 (Yellow): OFF\r\n;received
4:03:44 PM.277;LED4 (Red 1): OFF\r\n;received
4:03:44 PM.294;LED5 (Red 2): ON\r\n;received
4:03:44 PM.310;--------------------\r\n;received
4:03:45 PM.334;Distance: 0 cm\r\n;received
4:03:45 PM.349;LED1 (Green 1): OFF\r\n;received
4:03:45 PM.366;LED2 (Green 2): OFF\r\n;received
4:03:45 PM.398;LED3 (Yellow): OFF\r\n;received
4:03:45 PM.414;LED4 (Red 1): OFF\r\n;received
4:03:45 PM.429;LED5 (Red 2): ON\r\n;received
4:03:45 PM.446;--------------------\r\n;received
4:03:46 PM.454;Distance: 40 cm\r\n;received
4:03:46 PM.471;LED1 (Green 1): OFF\r\n;received
4:03:46 PM.502;LED2 (Green 2): ON\r\n;received
4:03:46 PM.518;LED3 (Yellow): OFF\r\n;received
4:03:46 PM.534;LED4 (Red 1): OFF\r\n;received
4:03:46 PM.566;LED5 (Red 2): OFF\r\n;received
4:03:46 PM.582;--------------------\r\n;received
4:03:47 PM.590;Distance: 39 cm\r\n;received
4:03:47 PM.605;LED1 (Green 1): OFF\r\n;received
4:03:47 PM.622;LED2 (Green 2): ON\r\n;received
4:03:47 PM.654;LED3 (Yellow): OFF\r\n;received
4:03:47 PM.670;LED4 (Red 1): OFF\r\n;received
4:03:47 PM.685;LED5 (Red 2): OFF\r\n;received
4:03:47 PM.718;--------------------\r\n;received
4:03:48 PM.726;Distance: 0 cm\r\n;received
4:03:48 PM.742;LED1 (Green 1): OFF\r\n;received
4:03:48 PM.774;LED2 (Green 2): OFF\r\n;received
4:03:48 PM.790;LED3 (Yellow): OFF\r\n;received
4:03:48 PM.806;LED4 (Red 1): OFF\r\n;received
4:03:48 PM.822;LED5 (Red 2): ON\r\n;received
4:03:48 PM.854;--------------------\r\n;received
4:03:49 PM.862;Distance: 0 cm\r\n;received
4:03:49 PM.878;LED1 (Green 1): OFF\r\n;received
4:03:49 PM.909;LED2 (Green 2): OFF\r\n;received
4:03:49 PM.925;LED3 (Yellow): OFF\r\n;received
4:03:49 PM.942;LED4 (Red 1): OFF\r\n;received
4:03:49 PM.974;LED5 (Red 2): ON\r\n;received
4:03:49 PM.989;--------------------\r\n;received
4:03:50 PM.998;Distance: 55 cm\r\n;received
4:03:51 PM.14;LED1 (Green 1): ON\r\n;received
4:03:51 PM.30;LED2 (Green 2): OFF\r\n;received
4:03:51 PM.61;LED3 (Yellow): OFF\r\n;received
4:03:51 PM.78;LED4 (Red 1): OFF\r\n;received
4:03:51 PM.94;LED5 (Red 2): OFF\r\n;received
4:03:51 PM.109;--------------------\r\n;received
4:03:52 PM.118;Distance: 54 cm\r\n;received
4:03:52 PM.150;LED1 (Green 1): ON\r\n;received
4:03:52 PM.166;LED2 (Green 2): OFF\r\n;received
4:03:52 PM.182;LED3 (Yellow): OFF\r\n;received
4:03:52 PM.214;LED4 (Red 1): OFF\r\n;received
4:03:52 PM.230;LED5 (Red 2): OFF\r\n;received
4:03:52 PM.246;--------------------\r\n;received
4:03:53 PM.270;Distance: 0 cm\r\n;received
4:03:53 PM.286;LED1 (Green 1): OFF\r\n;received
4:03:53 PM.302;LED2 (Green 2): OFF\r\n;received
4:03:53 PM.318;LED3 (Yellow): OFF\r\n;received
4:03:53 PM.350;LED4 (Red 1): OFF\r\n;received
4:03:53 PM.365;LED5 (Red 2): ON\r\n;received
4:03:53 PM.382;--------------------\r\n;received
4:03:54 PM.389;Distance: 49 cm\r\n;received
4:03:54 PM.421;LED1 (Green 1): ON\r\n;received
4:03:54 PM.438;LED2 (Green 2): OFF\r\n;received
4:03:54 PM.454;LED3 (Yellow): OFF\r\n;received
4:03:54 PM.470;LED4 (Red 1): OFF\r\n;received
4:03:54 PM.501;LED5 (Red 2): OFF\r\n;received
4:03:54 PM.518;--------------------\r\n;received
4:03:55 PM.526;Distance: 0 cm\r\n;received
4:03:55 PM.558;LED1 (Green 1): OFF\r\n;received
4:03:55 PM.574;LED2 (Green 2): OFF\r\n;received
4:03:55 PM.590;LED3 (Yellow): OFF\r\n;received
4:03:55 PM.622;LED4 (Red 1): OFF\r\n;received
4:03:55 PM.638;LED5 (Red 2): ON\r\n;received
4:03:55 PM.654;--------------------\r\n;received
4:03:56 PM.662;Distance: 0 cm\r\n;received
4:03:56 PM.695;LED1 (Green 1): OFF\r\n;received
4:03:56 PM.710;LED2 (Green 2): OFF\r\n;received
4:03:56 PM.727;LED3 (Yellow): OFF\r\n;received
4:03:56 PM.758;LED4 (Red 1): OFF\r\n;received
4:03:56 PM.774;LED5 (Red 2): ON\r\n;received
4:03:56 PM.790;--------------------\r\n;received
4:03:57 PM.797;Distance: 44 cm\r\n;received
4:03:57 PM.814;LED1 (Green 1): ON\r\n;received
4:03:57 PM.846;LED2 (Green 2): OFF\r\n;received
4:03:57 PM.862;LED3 (Yellow): OFF\r\n;received
4:03:57 PM.878;LED4 (Red 1): OFF\r\n;received
4:03:57 PM.894;LED5 (Red 2): OFF\r\n;received
4:03:57 PM.926;--------------------\r\n;received
4:03:58 PM.935;Distance: 50 cm\r\n;received
4:03:58 PM.950;LED1 (Green 1): ON\r\n;received
4:03:58 PM.966;LED2 (Green 2): OFF\r\n;received
4:03:58 PM.998;LED3 (Yellow): OFF\r\n;received
4:03:59 PM.14;LED4 (Red 1): OFF\r\n;received
4:03:59 PM.30;LED5 (Red 2): OFF\r\n;received
4:03:59 PM.62;--------------------\r\n;received
4:04:00 PM.54;Distance: 50 cm\r\n;received
4:04:00 PM.87;LED1 (Green 1): ON\r\n;received
4:04:00 PM.102;LED2 (Green 2): OFF\r\n;received
4:04:00 PM.118;LED3 (Yellow): OFF\r\n;received
4:04:00 PM.150;LED4 (Red 1): OFF\r\n;received
4:04:00 PM.166;LED5 (Red 2): OFF\r\n;received
4:04:00 PM.182;--------------------\r\n;received
4:04:01 PM.190;Distance: 44 cm\r\n;received
4:04:01 PM.206;LED1 (Green 1): ON\r\n;received
4:04:01 PM.238;LED2 (Green 2): OFF\r\n;received
4:04:01 PM.254;LED3 (Yellow): OFF\r\n;received
4:04:01 PM.270;LED4 (Red 1): OFF\r\n;received
4:04:01 PM.286;LED5 (Red 2): OFF\r\n;received
4:04:01 PM.318;--------------------\r\n;received
4:04:02 PM.326;Distance: 123 cm\r\n;received
4:04:02 PM.341;LED1 (Green 1): ON\r\n;received
4:04:02 PM.374;LED2 (Green 2): OFF\r\n;received
4:04:02 PM.390;LED3 (Yellow): OFF\r\n;received
4:04:02 PM.406;LED4 (Red 1): OFF\r\n;received
4:04:02 PM.438;LED5 (Red 2): OFF\r\n;received
4:04:02 PM.454;--------------------\r\n;received
4:04:03 PM.462;Distance: 114 cm\r\n;received
4:04:03 PM.478;LED1 (Green 1): ON\r\n;received
4:04:03 PM.510;LED2 (Green 2): OFF\r\n;received
4:04:03 PM.527;LED3 (Yellow): OFF\r\n;received
4:04:03 PM.542;LED4 (Red 1): OFF\r\n;received
4:04:03 PM.558;LED5 (Red 2): OFF\r\n;received
4:04:03 PM.590;--------------------\r\n;received
4:04:04 PM.598;Distance: 0 cm\r\n;received
4:04:04 PM.613;LED1 (Green 1): OFF\r\n;received
4:04:04 PM.646;LED2 (Green 2): OFF\r\n;received
4:04:04 PM.662;LED3 (Yellow): OFF\r\n;received
4:04:04 PM.679;LED4 (Red 1): OFF\r\n;received
4:04:04 PM.710;LED5 (Red 2): ON\r\n;received
4:04:04 PM.726;--------------------\r\n;received
4:04:05 PM.733;Distance: 38 cm\r\n;received
4:04:05 PM.750;LED1 (Green 1): OFF\r\n;received
4:04:05 PM.766;LED2 (Green 2): ON\r\n;received
4:04:05 PM.798;LED3 (Yellow): OFF\r\n;received
4:04:05 PM.814;LED4 (Red 1): OFF\r\n;received
4:04:05 PM.830;LED5 (Red 2): OFF\r\n;received
4:04:05 PM.846;--------------------\r\n;received
4:04:06 PM.870;Distance: 0 cm\r\n;received
4:04:06 PM.887;LED1 (Green 1): OFF\r\n;received
4:04:06 PM.903;LED2 (Green 2): OFF\r\n;received
4:04:06 PM.934;LED3 (Yellow): OFF\r\n;received
4:04:06 PM.950;LED4 (Red 1): OFF\r\n;received
4:04:06 PM.966;LED5 (Red 2): ON\r\n;received
4:04:06 PM.998;--------------------\r\n;received
4:04:07 PM.990;Distance: 39 cm\r\n;received
4:04:08 PM.22;LED1 (Green 1): OFF\r\n;received
4:04:08 PM.37;LED2 (Green 2): ON\r\n;received
4:04:08 PM.54;LED3 (Yellow): OFF\r\n;received
4:04:08 PM.70;LED4 (Red 1): OFF\r\n;received
4:04:08 PM.102;LED5 (Red 2): OFF\r\n;received
4:04:08 PM.118;--------------------\r\n;received
4:04:09 PM.126;Distance: 39 cm\r\n;received
4:04:09 PM.142;LED1 (Green 1): OFF\r\n;received
4:04:09 PM.174;LED2 (Green 2): ON\r\n;received
4:04:09 PM.191;LED3 (Yellow): OFF\r\n;received
4:04:09 PM.206;LED4 (Red 1): OFF\r\n;received
4:04:09 PM.221;LED5 (Red 2): OFF\r\n;received
4:04:09 PM.254;--------------------\r\n;received
4:04:10 PM.262;Distance: 0 cm\r\n;received
4:04:10 PM.278;LED1 (Green 1): OFF\r\n;received
4:04:10 PM.309;LED2 (Green 2): OFF\r\n;received
4:04:10 PM.326;LED3 (Yellow): OFF\r\n;received
4:04:10 PM.341;LED4 (Red 1): OFF\r\n;received
4:04:10 PM.374;LED5 (Red 2): ON\r\n;received
4:04:10 PM.390;--------------------\r\n;received
4:04:11 PM.398;Distance: 0 cm\r\n;received
4:04:11 PM.430;LED1 (Green 1): OFF\r\n;received
4:04:11 PM.447;LED2 (Green 2): OFF\r\n;received
4:04:11 PM.463;LED3 (Yellow): OFF\r\n;received
4:04:11 PM.478;LED4 (Red 1): OFF\r\n;received
4:04:11 PM.510;LED5 (Red 2): ON\r\n;received
4:04:11 PM.526;--------------------\r\n;received
4:04:12 PM.534;Distance: 35 cm\r\n;received
4:04:12 PM.550;LED1 (Green 1): OFF\r\n;received
4:04:12 PM.583;LED2 (Green 2): ON\r\n;received
4:04:12 PM.598;LED3 (Yellow): OFF\r\n;received
4:04:12 PM.614;LED4 (Red 1): OFF\r\n;received
4:04:12 PM.629;LED5 (Red 2): OFF\r\n;received
4:04:12 PM.662;--------------------\r\n;received
4:04:13 PM.654;Distance: 35 cm\r\n;received
4:04:13 PM.687;LED1 (Green 1): OFF\r\n;received
4:04:13 PM.702;LED2 (Green 2): ON\r\n;received
4:04:13 PM.734;LED3 (Yellow): OFF\r\n;received
4:04:13 PM.749;LED4 (Red 1): OFF\r\n;received
4:04:13 PM.766;LED5 (Red 2): OFF\r\n;received
4:04:13 PM.782;--------------------\r\n;received
4:04:14 PM.790;Distance: 35 cm\r\n;received
4:04:14 PM.807;LED1 (Green 1): OFF\r\n;received
4:04:14 PM.840;LED2 (Green 2): ON\r\n;received
4:04:14 PM.854;LED3 (Yellow): OFF\r\n;received
4:04:14 PM.871;LED4 (Red 1): OFF\r\n;received
4:04:14 PM.885;LED5 (Red 2): OFF\r\n;received
4:04:14 PM.918;--------------------\r\n;received
4:04:15 PM.926;Distance: 33 cm\r\n;received
4:04:15 PM.942;LED1 (Green 1): OFF\r\n;received
4:04:15 PM.959;LED2 (Green 2): ON\r\n;received
4:04:15 PM.990;LED3 (Yellow): OFF\r\n;received
4:04:16 PM.6;LED4 (Red 1): OFF\r\n;received
4:04:16 PM.22;LED5 (Red 2): OFF\r\n;received
4:04:16 PM.38;--------------------\r\n;received
4:04:17 PM.46;Distance: 31 cm\r\n;received
4:04:17 PM.78;LED1 (Green 1): OFF\r\n;received
4:04:17 PM.94;LED2 (Green 2): ON\r\n;received
4:04:17 PM.109;LED3 (Yellow): OFF\r\n;received
4:04:17 PM.126;LED4 (Red 1): OFF\r\n;received
4:04:17 PM.158;LED5 (Red 2): OFF\r\n;received
4:04:17 PM.173;--------------------\r\n;received
4:04:18 PM.183;Distance: 31 cm\r\n;received
4:04:18 PM.198;LED1 (Green 1): OFF\r\n;received
4:04:18 PM.230;LED2 (Green 2): ON\r\n;received
4:04:18 PM.246;LED3 (Yellow): OFF\r\n;received
4:04:18 PM.262;LED4 (Red 1): OFF\r\n;received
4:04:18 PM.278;LED5 (Red 2): OFF\r\n;received
4:04:18 PM.310;--------------------\r\n;received
4:04:19 PM.318;Distance: 0 cm\r\n;received
4:04:19 PM.334;LED1 (Green 1): OFF\r\n;received
4:04:19 PM.366;LED2 (Green 2): OFF\r\n;received
4:04:19 PM.382;LED3 (Yellow): OFF\r\n;received
4:04:19 PM.398;LED4 (Red 1): OFF\r\n;received
4:04:19 PM.414;LED5 (Red 2): ON\r\n;received
4:04:19 PM.446;--------------------\r\n;received
4:04:20 PM.455;Distance: 0 cm\r\n;received
4:04:20 PM.471;LED1 (Green 1): OFF\r\n;received
4:04:20 PM.503;LED2 (Green 2): OFF\r\n;received
4:04:20 PM.518;LED3 (Yellow): OFF\r\n;received
4:04:20 PM.534;LED4 (Red 1): OFF\r\n;received
4:04:20 PM.566;LED5 (Red 2): ON\r\n;received
4:04:20 PM.581;--------------------\r\n;received
4:04:21 PM.590;Distance: 0 cm\r\n;received
4:04:21 PM.623;LED1 (Green 1): OFF\r\n;received
4:04:21 PM.638;LED2 (Green 2): OFF\r\n;received
4:04:21 PM.654;LED3 (Yellow): OFF\r\n;received
4:04:21 PM.670;LED4 (Red 1): OFF\r\n;received
4:04:21 PM.702;LED5 (Red 2): ON\r\n;received
4:04:21 PM.718;--------------------\r\n;received
4:04:22 PM.727;Distance: 96 cm\r\n;received
4:04:22 PM.742;LED1 (Green 1): ON\r\n;received
4:04:22 PM.774;LED2 (Green 2): OFF\r\n;received
4:04:22 PM.790;LED3 (Yellow): OFF\r\n;received
4:04:22 PM.807;LED4 (Red 1): OFF\r\n;received
4:04:22 PM.838;LED5 (Red 2): OFF\r\n;received
4:04:22 PM.854;--------------------\r\n;received
4:04:23 PM.862;Distance: 0 cm\r\n;received
4:04:23 PM.894;LED1 (Green 1): OFF\r\n;received
4:04:23 PM.911;LED2 (Green 2): OFF\r\n;received
4:04:23 PM.927;LED3 (Yellow): OFF\r\n;received
4:04:23 PM.943;LED4 (Red 1): OFF\r\n;received
4:04:23 PM.957;LED5 (Red 2): ON\r\n;received
4:04:23 PM.990;--------------------\r\n;received
4:04:24 PM.998;Distance: 20 cm\r\n;received
4:04:25 PM.15;LED1 (Green 1): OFF\r\n;received
4:04:25 PM.31;LED2 (Green 2): OFF\r\n;received
4:04:25 PM.62;LED3 (Yellow): OFF\r\n;received
4:04:25 PM.79;LED4 (Red 1): ON\r\n;received
4:04:25 PM.95;LED5 (Red 2): OFF\r\n;received
4:04:25 PM.126;--------------------\r\n;received
4:04:26 PM.118;Distance: 22 cm\r\n;received
4:04:26 PM.151;LED1 (Green 1): OFF\r\n;received
4:04:26 PM.166;LED2 (Green 2): OFF\r\n;received
4:04:26 PM.182;LED3 (Yellow): ON\r\n;received
4:04:26 PM.198;LED4 (Red 1): OFF\r\n;received
4:04:26 PM.231;LED5 (Red 2): OFF\r\n;received
4:04:26 PM.246;--------------------\r\n;received
4:04:27 PM.255;Distance: 14 cm\r\n;received
4:04:27 PM.271;LED1 (Green 1): OFF\r\n;received
4:04:27 PM.302;LED2 (Green 2): OFF\r\n;received
4:04:27 PM.318;LED3 (Yellow): OFF\r\n;received
4:04:27 PM.334;LED4 (Red 1): ON\r\n;received
4:04:27 PM.351;LED5 (Red 2): OFF\r\n;received
4:04:27 PM.382;--------------------\r\n;received
4:04:28 PM.375;Distance: 16 cm\r\n;received
4:04:28 PM.406;LED1 (Green 1): OFF\r\n;received
4:04:28 PM.421;LED2 (Green 2): OFF\r\n;received
4:04:28 PM.438;LED3 (Yellow): OFF\r\n;received
4:04:28 PM.470;LED4 (Red 1): ON\r\n;received
4:04:28 PM.487;LED5 (Red 2): OFF\r\n;received
4:04:28 PM.502;--------------------\r\n;received
4:04:29 PM.510;Distance: 14 cm\r\n;received
4:04:29 PM.527;LED1 (Green 1): OFF\r\n;received
4:04:29 PM.558;LED2 (Green 2): OFF\r\n;received
4:04:29 PM.575;LED3 (Yellow): OFF\r\n;received
4:04:29 PM.590;LED4 (Red 1): ON\r\n;received
4:04:29 PM.606;LED5 (Red 2): OFF\r\n;received
4:04:29 PM.638;--------------------\r\n;received
4:04:30 PM.630;Distance: 13 cm\r\n;received
4:04:30 PM.663;LED1 (Green 1): OFF\r\n;received
4:04:30 PM.678;LED2 (Green 2): OFF\r\n;received
4:04:30 PM.695;LED3 (Yellow): OFF\r\n;received
4:04:30 PM.726;LED4 (Red 1): ON\r\n;received
4:04:30 PM.743;LED5 (Red 2): OFF\r\n;received
4:04:30 PM.758;--------------------\r\n;received
4:04:31 PM.767;Distance: 16 cm\r\n;received
4:04:31 PM.782;LED1 (Green 1): OFF\r\n;received
4:04:31 PM.814;LED2 (Green 2): OFF\r\n;received
4:04:31 PM.830;LED3 (Yellow): OFF\r\n;received
4:04:31 PM.846;LED4 (Red 1): ON\r\n;received
4:04:31 PM.862;LED5 (Red 2): OFF\r\n;received
4:04:31 PM.895;--------------------\r\n;received
4:04:32 PM.887;Distance: 15 cm\r\n;received
4:04:32 PM.919;LED1 (Green 1): OFF\r\n;received
4:04:32 PM.934;LED2 (Green 2): OFF\r\n;received
4:04:32 PM.951;LED3 (Yellow): OFF\r\n;received
4:04:32 PM.982;LED4 (Red 1): ON\r\n;received
4:04:32 PM.999;LED5 (Red 2): OFF\r\n;received
4:04:33 PM.14;--------------------\r\n;received
4:04:34 PM.23;Distance: 12 cm\r\n;received
4:04:34 PM.39;LED1 (Green 1): OFF\r\n;received
4:04:34 PM.70;LED2 (Green 2): OFF\r\n;received
4:04:34 PM.86;LED3 (Yellow): OFF\r\n;received
4:04:34 PM.103;LED4 (Red 1): ON\r\n;received
4:04:34 PM.118;LED5 (Red 2): OFF\r\n;received
4:04:34 PM.150;--------------------\r\n;received
4:04:35 PM.158;Distance: 0 cm\r\n;received
4:04:35 PM.175;LED1 (Green 1): OFF\r\n;received
4:04:35 PM.207;LED2 (Green 2): OFF\r\n;received
4:04:35 PM.222;LED3 (Yellow): OFF\r\n;received
4:04:35 PM.239;LED4 (Red 1): OFF\r\n;received
4:04:35 PM.254;LED5 (Red 2): ON\r\n;received
4:04:35 PM.287;--------------------\r\n;received
4:04:36 PM.278;Distance: 12 cm\r\n;received
4:04:36 PM.311;LED1 (Green 1): OFF\r\n;received
4:04:36 PM.327;LED2 (Green 2): OFF\r\n;received
4:04:36 PM.359;LED3 (Yellow): OFF\r\n;received
4:04:36 PM.374;LED4 (Red 1): ON\r\n;received
4:04:36 PM.390;LED5 (Red 2): OFF\r\n;received
4:04:36 PM.407;--------------------\r\n;received
4:04:37 PM.415;Distance: 15 cm\r\n;received
4:04:37 PM.430;LED1 (Green 1): OFF\r\n;received
4:04:37 PM.463;LED2 (Green 2): OFF\r\n;received
4:04:37 PM.478;LED3 (Yellow): OFF\r\n;received
4:04:37 PM.494;LED4 (Red 1): ON\r\n;received
4:04:37 PM.527;LED5 (Red 2): OFF\r\n;received
4:04:37 PM.543;--------------------\r\n;received
4:04:38 PM.535;Distance: 12 cm\r\n;received
4:04:38 PM.567;LED1 (Green 1): OFF\r\n;received
4:04:38 PM.582;LED2 (Green 2): OFF\r\n;received
4:04:38 PM.615;LED3 (Yellow): OFF\r\n;received
4:04:38 PM.631;LED4 (Red 1): ON\r\n;received
4:04:38 PM.646;LED5 (Red 2): OFF\r\n;received
4:04:38 PM.662;--------------------\r\n;received
4:04:39 PM.671;Distance: 11 cm\r\n;received
4:04:39 PM.686;LED1 (Green 1): OFF\r\n;received
4:04:39 PM.718;LED2 (Green 2): OFF\r\n;received
4:04:39 PM.735;LED3 (Yellow): OFF\r\n;received
4:04:39 PM.751;LED4 (Red 1): ON\r\n;received
4:04:39 PM.783;LED5 (Red 2): OFF\r\n;received
4:04:39 PM.800;--------------------\r\n;received
4:04:40 PM.807;Distance: 10 cm\r\n;received
4:04:40 PM.823;LED1 (Green 1): OFF\r\n;received
4:04:40 PM.839;LED2 (Green 2): OFF\r\n;received
4:04:40 PM.871;LED3 (Yellow): OFF\r\n;received
4:04:40 PM.886;LED4 (Red 1): OFF\r\n;received
4:04:40 PM.902;LED5 (Red 2): ON\r\n;received
4:04:40 PM.918;--------------------\r\n;received
4:04:41 PM.926;Distance: 11 cm\r\n;received
4:04:41 PM.943;LED1 (Green 1): OFF\r\n;received
4:04:41 PM.975;LED2 (Green 2): OFF\r\n;received
4:04:41 PM.991;LED3 (Yellow): OFF\r\n;received
4:04:42 PM.6;LED4 (Red 1): ON\r\n;received
4:04:42 PM.39;LED5 (Red 2): OFF\r\n;received
4:04:42 PM.56;--------------------\r\n;received
4:04:43 PM.62;Distance: 13 cm\r\n;received
4:04:43 PM.79;LED1 (Green 1): OFF\r\n;received
4:04:43 PM.95;LED2 (Green 2): OFF\r\n;received
4:04:43 PM.126;LED3 (Yellow): OFF\r\n;received
4:04:43 PM.142;LED4 (Red 1): ON\r\n;received
4:04:43 PM.159;LED5 (Red 2): OFF\r\n;received
4:04:43 PM.190;--------------------\r\n;received
4:04:44 PM.183;Distance: 21 cm\r\n;received
4:04:44 PM.214;LED1 (Green 1): OFF\r\n;received
4:04:44 PM.230;LED2 (Green 2): OFF\r\n;received
4:04:44 PM.247;LED3 (Yellow): ON\r\n;received
4:04:44 PM.263;LED4 (Red 1): OFF\r\n;received
4:04:44 PM.295;LED5 (Red 2): OFF\r\n;received
4:04:44 PM.310;--------------------\r\n;received
4:04:45 PM.319;Distance: 19 cm\r\n;received
4:04:45 PM.335;LED1 (Green 1): OFF\r\n;received
4:04:45 PM.350;LED2 (Green 2): OFF\r\n;received
4:04:45 PM.383;LED3 (Yellow): OFF\r\n;received
4:04:45 PM.399;LED4 (Red 1): ON\r\n;received
4:04:45 PM.414;LED5 (Red 2): OFF\r\n;received
4:04:45 PM.447;--------------------\r\n;received
4:04:46 PM.439;Distance: 19 cm\r\n;received
4:04:46 PM.471;LED1 (Green 1): OFF\r\n;received
4:04:46 PM.487;LED2 (Green 2): OFF\r\n;received
4:04:46 PM.503;LED3 (Yellow): OFF\r\n;received
4:04:46 PM.519;LED4 (Red 1): ON\r\n;received
4:04:46 PM.550;LED5 (Red 2): OFF\r\n;received
4:04:46 PM.566;--------------------\r\n;received
4:04:47 PM.574;Distance: 20 cm\r\n;received
4:04:47 PM.591;LED1 (Green 1): OFF\r\n;received
4:04:47 PM.607;LED2 (Green 2): OFF\r\n;received
4:04:47 PM.639;LED3 (Yellow): OFF\r\n;received
4:04:47 PM.654;LED4 (Red 1): ON\r\n;received
4:04:47 PM.671;LED5 (Red 2): OFF\r\n;received
4:04:47 PM.703;--------------------\r\n;received
4:04:48 PM.695;Distance: 24 cm\r\n;received
4:04:48 PM.726;LED1 (Green 1): OFF\r\n;received
4:04:48 PM.742;LED2 (Green 2): OFF\r\n;received
4:04:48 PM.758;LED3 (Yellow): ON\r\n;received
4:04:48 PM.790;LED4 (Red 1): OFF\r\n;received
4:04:48 PM.806;LED5 (Red 2): OFF\r\n;received
4:04:48 PM.823;--------------------\r\n;received
4:04:49 PM.831;Distance: 0 cm\r\n;received
4:04:49 PM.863;LED1 (Green 1): OFF\r\n;received
4:04:49 PM.879;LED2 (Green 2): OFF\r\n;received
4:04:49 PM.911;LED3 (Yellow): OFF\r\n;received
4:04:49 PM.926;LED4 (Red 1): OFF\r\n;received
4:04:49 PM.943;LED5 (Red 2): ON\r\n;received
4:04:49 PM.958;--------------------\r\n;received
4:04:50 PM.967;Distance: 28 cm\r\n;received
4:04:50 PM.982;LED1 (Green 1): OFF\r\n;received
4:04:51 PM.15;LED2 (Green 2): OFF\r\n;received
4:04:51 PM.31;LED3 (Yellow): ON\r\n;received
4:04:51 PM.47;LED4 (Red 1): OFF\r\n;received
4:04:51 PM.78;LED5 (Red 2): OFF\r\n;received
4:04:51 PM.95;--------------------\r\n;received
4:04:52 PM.103;Distance: 28 cm\r\n;received
4:04:52 PM.119;LED1 (Green 1): OFF\r\n;received
4:04:52 PM.134;LED2 (Green 2): OFF\r\n;received
4:04:52 PM.166;LED3 (Yellow): ON\r\n;received
4:04:52 PM.182;LED4 (Red 1): OFF\r\n;received
4:04:52 PM.198;LED5 (Red 2): OFF\r\n;received
4:04:52 PM.215;--------------------\r\n;received
4:04:53 PM.238;Distance: 0 cm\r\n;received
4:04:53 PM.254;LED1 (Green 1): OFF\r\n;received
4:04:53 PM.286;LED2 (Green 2): OFF\r\n;received
4:04:53 PM.302;LED3 (Yellow): OFF\r\n;received
4:04:53 PM.319;LED4 (Red 1): OFF\r\n;received
4:04:53 PM.334;LED5 (Red 2): ON\r\n;received
4:04:53 PM.366;--------------------\r\n;received
4:04:54 PM.359;Distance: 32 cm\r\n;received
4:04:54 PM.391;LED1 (Green 1): OFF\r\n;received
4:04:54 PM.406;LED2 (Green 2): ON\r\n;received
4:04:54 PM.438;LED3 (Yellow): OFF\r\n;received
4:04:54 PM.438;LED4 (Red 1): OFF\r\n;received
4:04:54 PM.471;LED5 (Red 2): OFF\r\n;received
4:04:54 PM.486;--------------------\r\n;received
4:04:55 PM.511;Distance: 0 cm\r\n;received
4:04:55 PM.527;LED1 (Green 1): OFF\r\n;received
4:04:55 PM.543;LED2 (Green 2): OFF\r\n;received
4:04:55 PM.575;LED3 (Yellow): OFF\r\n;received
4:04:55 PM.591;LED4 (Red 1): OFF\r\n;received
4:04:55 PM.606;LED5 (Red 2): ON\r\n;received
4:04:55 PM.622;--------------------\r\n;received
4:04:56 PM.646;Distance: 0 cm\r\n;received
4:04:56 PM.663;LED1 (Green 1): OFF\r\n;received
4:04:56 PM.679;LED2 (Green 2): OFF\r\n;received
4:04:56 PM.711;LED3 (Yellow): OFF\r\n;received
4:04:56 PM.726;LED4 (Red 1): OFF\r\n;received
4:04:56 PM.743;LED5 (Red 2): ON\r\n;received
4:04:56 PM.775;--------------------\r\n;received
4:04:57 PM.783;Distance: 0 cm\r\n;received
4:04:57 PM.799;LED1 (Green 1): OFF\r\n;received
4:04:57 PM.815;LED2 (Green 2): OFF\r\n;received
4:04:57 PM.846;LED3 (Yellow): OFF\r\n;received
4:04:57 PM.863;LED4 (Red 1): OFF\r\n;received
4:04:57 PM.879;LED5 (Red 2): ON\r\n;received
4:04:57 PM.911;--------------------\r\n;received
4:04:58 PM.919;Distance: 42 cm\r\n;received
4:04:58 PM.935;LED1 (Green 1): ON\r\n;received
4:04:58 PM.951;LED2 (Green 2): OFF\r\n;received
4:04:58 PM.967;LED3 (Yellow): OFF\r\n;received
4:04:58 PM.999;LED4 (Red 1): OFF\r\n;received
4:04:59 PM.15;LED5 (Red 2): OFF\r\n;received
4:04:59 PM.31;--------------------\r\n;received
4:05:00 PM.39;Distance: 48 cm\r\n;received
4:05:00 PM.54;LED1 (Green 1): ON\r\n;received
4:05:00 PM.86;LED2 (Green 2): OFF\r\n;received
4:05:00 PM.103;LED3 (Yellow): OFF\r\n;received
4:05:00 PM.119;LED4 (Red 1): OFF\r\n;received
4:05:00 PM.151;LED5 (Red 2): OFF\r\n;received
4:05:00 PM.167;--------------------\r\n;received
4:05:01 PM.175;Distance: 59 cm\r\n;received
4:05:01 PM.191;LED1 (Green 1): ON\r\n;received
4:05:01 PM.207;LED2 (Green 2): OFF\r\n;received
4:05:01 PM.239;LED3 (Yellow): OFF\r\n;received
4:05:01 PM.254;LED4 (Red 1): OFF\r\n;received
4:05:01 PM.270;LED5 (Red 2): OFF\r\n;received
4:05:01 PM.287;--------------------\r\n;received
4:05:02 PM.294;Distance: 59 cm\r\n;received
4:05:02 PM.327;LED1 (Green 1): ON\r\n;received
4:05:02 PM.343;LED2 (Green 2): OFF\r\n;received
4:05:02 PM.359;LED3 (Yellow): OFF\r\n;received
4:05:02 PM.391;LED4 (Red 1): OFF\r\n;received
4:05:02 PM.407;LED5 (Red 2): OFF\r\n;received
4:05:02 PM.423;--------------------\r\n;received
4:05:03 PM.431;Distance: 61 cm\r\n;received
4:05:03 PM.447;LED1 (Green 1): ON\r\n;received
4:05:03 PM.478;LED2 (Green 2): OFF\r\n;received
4:05:03 PM.494;LED3 (Yellow): OFF\r\n;received
4:05:03 PM.510;LED4 (Red 1): OFF\r\n;received
4:05:03 PM.543;LED5 (Red 2): OFF\r\n;received
4:05:03 PM.558;--------------------\r\n;received
4:05:04 PM.567;Distance: 0 cm\r\n;received
4:05:04 PM.599;LED1 (Green 1): OFF\r\n;received
4:05:04 PM.615;LED2 (Green 2): OFF\r\n;received
4:05:04 PM.631;LED3 (Yellow): OFF\r\n;received
4:05:04 PM.646;LED4 (Red 1): OFF\r\n;received
4:05:04 PM.679;LED5 (Red 2): ON\r\n;received
4:05:04 PM.695;--------------------\r\n;received
4:05:05 PM.702;Distance: 45 cm\r\n;received
4:05:05 PM.718;LED1 (Green 1): ON\r\n;received
4:05:05 PM.751;LED2 (Green 2): OFF\r\n;received
4:05:05 PM.767;LED3 (Yellow): OFF\r\n;received
4:05:05 PM.783;LED4 (Red 1): OFF\r\n;received
4:05:05 PM.798;LED5 (Red 2): OFF\r\n;received
4:05:05 PM.831;--------------------\r\n;received
4:05:06 PM.839;Distance: 39 cm\r\n;received
4:05:06 PM.855;LED1 (Green 1): OFF\r\n;received
4:05:06 PM.870;LED2 (Green 2): ON\r\n;received
4:05:06 PM.887;LED3 (Yellow): OFF\r\n;received
4:05:06 PM.918;LED4 (Red 1): OFF\r\n;received
4:05:06 PM.934;LED5 (Red 2): OFF\r\n;received
4:05:06 PM.951;--------------------\r\n;received
4:05:07 PM.959;Distance: 39 cm\r\n;received
4:05:07 PM.990;LED1 (Green 1): OFF\r\n;received
4:05:08 PM.6;LED2 (Green 2): ON\r\n;received
4:05:08 PM.22;LED3 (Yellow): OFF\r\n;received
4:05:08 PM.39;LED4 (Red 1): OFF\r\n;received
4:05:08 PM.71;LED5 (Red 2): OFF\r\n;received
4:05:08 PM.88;--------------------\r\n;received
4:05:09 PM.96;Distance: 38 cm\r\n;received
4:05:09 PM.111;LED1 (Green 1): OFF\r\n;received
4:05:09 PM.126;LED2 (Green 2): ON\r\n;received
4:05:09 PM.158;LED3 (Yellow): OFF\r\n;received
4:05:09 PM.175;LED4 (Red 1): OFF\r\n;received
4:05:09 PM.191;LED5 (Red 2): OFF\r\n;received
4:05:09 PM.223;--------------------\r\n;received
4:05:10 PM.215;Distance: 39 cm\r\n;received
4:05:10 PM.246;LED1 (Green 1): OFF\r\n;received
4:05:10 PM.263;LED2 (Green 2): ON\r\n;received
4:05:10 PM.279;LED3 (Yellow): OFF\r\n;received
4:05:10 PM.295;LED4 (Red 1): OFF\r\n;received
4:05:10 PM.326;LED5 (Red 2): OFF\r\n;received
4:05:10 PM.343;--------------------\r\n;received
4:05:11 PM.350;Distance: 0 cm\r\n;received
4:05:11 PM.383;LED1 (Green 1): OFF\r\n;received
4:05:11 PM.399;LED2 (Green 2): OFF\r\n;received
4:05:11 PM.431;LED3 (Yellow): OFF\r\n;received
4:05:11 PM.446;LED4 (Red 1): OFF\r\n;received
4:05:11 PM.462;LED5 (Red 2): ON\r\n;received
4:05:11 PM.478;--------------------\r\n;received
4:05:12 PM.503;Distance: 0 cm\r\n;received
4:05:12 PM.519;LED1 (Green 1): OFF\r\n;received
4:05:12 PM.535;LED2 (Green 2): OFF\r\n;received
4:05:12 PM.566;LED3 (Yellow): OFF\r\n;received
4:05:12 PM.582;LED4 (Red 1): OFF\r\n;received
4:05:12 PM.598;LED5 (Red 2): ON\r\n;received
4:05:12 PM.631;--------------------\r\n;received
4:05:13 PM.639;Distance: 0 cm\r\n;received
4:05:13 PM.655;LED1 (Green 1): OFF\r\n;received
4:05:13 PM.671;LED2 (Green 2): OFF\r\n;received
4:05:13 PM.703;LED3 (Yellow): OFF\r\n;received
4:05:13 PM.719;LED4 (Red 1): OFF\r\n;received
4:05:13 PM.734;LED5 (Red 2): ON\r\n;received
4:05:13 PM.750;--------------------\r\n;received
4:05:14 PM.774;Distance: 0 cm\r\n;received
4:05:14 PM.791;LED1 (Green 1): OFF\r\n;received
4:05:14 PM.807;LED2 (Green 2): OFF\r\n;received
4:05:14 PM.838;LED3 (Yellow): OFF\r\n;received
4:05:14 PM.854;LED4 (Red 1): OFF\r\n;received
4:05:14 PM.871;LED5 (Red 2): ON\r\n;received
4:05:14 PM.903;--------------------\r\n;received
4:05:15 PM.911;Distance: 0 cm\r\n;received
4:05:15 PM.926;LED1 (Green 1): OFF\r\n;received
4:05:15 PM.958;LED2 (Green 2): OFF\r\n;received
4:05:15 PM.974;LED3 (Yellow): OFF\r\n;received
4:05:15 PM.991;LED4 (Red 1): OFF\r\n;received
4:05:16 PM.23;LED5 (Red 2): ON\r\n;received
4:05:16 PM.23;---------------;received